page_num,raw_timestamp,headline,description,url,timestamp
32,23 Apr 2017 | 1:03 PM IST,HDFC disburses Rs 400 cr under govt's 'game-changer' housing subsidy scheme,Govt provides subsidy up to 6.5% to first time home buyer with income up to Rs 1.5 lakh per month,https://www.business-standard.com/article/companies/hdfc-disburses-rs-400-cr-under-govt-s-game-changer-housing-subsidy-scheme-117042300190_1.html,2017-04-23 13:03:00
32,04 May 2017 | 11:49 PM IST,HDFC posts another quarter of stable results,"Sustainability of high margin remains key, loan quality continues to be strong",https://www.business-standard.com/article/companies/hdfc-posts-another-quarter-of-stable-results-117050401527_1.html,2017-05-04 23:49:00
32,05 May 2017 | 1:59 AM IST,"Higher base pulls HDFC consolidated net down 11% to Rs 3,079 crore","For the full year, its stand alone net stood at Rs 7,443 crore compared to Rs 7,093 crore",https://www.business-standard.com/article/companies/higher-base-pulls-hdfc-consolidated-net-down-11-to-rs-3-079-crore-117050400925_1.html,2017-05-05 01:59:00
32,05 May 2017 | 4:16 AM IST,"HDFC Q4 net profit dips 22% to Rs 2,044 crore","Total income (standalone) for reported quarter also fell to Rs 8,514.51 cr as against Rs 9,225.72 cr",https://www.business-standard.com/article/companies/hdfc-q4-net-profit-dips-22-to-rs-2-044-crore-117050400643_1.html,2017-05-05 04:16:00
32,25 May 2017 | 11:20 PM IST,HDFC among top 10 consumer financial services companies globally,"American Express topped the list, followed by Capital One Financial and Visa in second, third place",https://www.business-standard.com/article/finance/hdfc-among-top-10-consumer-financial-services-cos-globally-117052501196_1.html,2017-05-25 23:20:00
32,25 Jun 2017 | 2:38 PM IST,"HDFC to list subsidiaries at opportune time, says chairman Deepak Parekh",HDFC has various subsidiaries which can be listed,https://www.business-standard.com/article/finance/hdfc-to-list-subsidiaries-at-opportune-time-says-chairman-deepak-parekh-117062500239_1.html,2017-06-25 14:38:00
32,05 Jul 2017 | 2:08 AM IST,"Have Rs 900-cr exposure to RBI-referred NCLT account, says HDFC","However, it said the account to which it has the exposure was not a NPA as of March 31, 2017",https://www.business-standard.com/article/finance/have-rs-900-cr-exposure-to-rbi-referred-nclt-account-says-hdfc-117070500068_1.html,2017-07-05 02:08:00
32,27 Jul 2017 | 11:48 AM IST,"HDFC, YES Bank, HDFC Bank, Maruti Suzuki, Eicher Motors hit new highs","IndusInd Bank, Bajaj Finance, Godrej Consumer and L&T Finance from Nifty500 index also hit new highs",https://www.business-standard.com/article/markets/hdfc-yes-bank-hdfc-bank-maruti-suzuki-eicher-motors-hit-new-high-117072700336_1.html,2017-07-27 11:48:00
32,28 Jul 2017 | 7:35 PM IST,"'Loan waiver, mounting NPAs may force banks to stop lending to agri sector'","Waivers may impact supply of credit as lending to agri sector could dry up, say HDFC's economist",https://www.business-standard.com/article/pti-stories/npas-rise-due-to-loan-waivers-may-hit-fresh-agri-credit-117072801246_1.html,2017-07-28 19:35:00
32,30 Aug 2017 | 2:56 AM IST,HDFC Ergo-HDFC GI merger could face a few questions in post-GAAR era,There is no doubt the deal is value positive for existing shareholders,https://www.business-standard.com/article/finance/merging-the-reverse-way-117083000052_1.html,2017-08-30 02:56:00
32,05 Sep 2017 | 8:26 AM IST,"HDFC Bank among RBI list of 'too big to fail' lenders along with SBI, ICICI",India's largest lender SBI and private sector major ICICI Bank were classified as D-SIBs in 2015,https://www.business-standard.com/article/finance/rbi-includes-hdfc-bank-in-too-big-to-fail-list-along-with-sbi-icici-117090401171_1.html,2017-09-05 08:26:00
32,30 Oct 2017 | 4:17 AM IST,Q2 and Q3 will be bumper quarters for GDP: HDFC Chairman Deepak Parekh,Said life insurance is under-penetrated in the country and its future is good,https://www.business-standard.com/article/companies/q2-and-q3-will-be-bumper-quarters-for-gdp-hdfc-chairman-deepak-parekh-117102900588_1.html,2017-10-30 04:17:00
32,03 Jan 2018 | 11:03 PM IST,Subsidiaries now matter more for HDFC,"Core business, performance of subsidiaries and capital deployment will be closely monitored in 2018",https://www.business-standard.com/article/markets/subsidiaries-now-matter-more-for-hdfc-118010301310_1.html,2018-01-03 23:03:00
32,12 Jan 2018 | 1:49 PM IST,HDFC trades firm ahead of committee meeting for fund raising,"The stock was trading 1% higher at Rs 1,756 on BSE ahead of committee meeting on January 13, 2018 to consider fund raising plans.",https://www.business-standard.com/article/markets/hdfc-trades-firm-ahead-of-committee-meeting-for-fund-raising-118011200468_1.html,2018-01-12 13:49:00
32,13 Jan 2018 | 1:06 PM IST,HDFC raises Rs 111 billion from marquee investors,The company said the primary objective of the fundraising exercise is to participate in the preferential issue of HDFC Bank Ltd up to Rs 85 billion.,https://www.business-standard.com/article/companies/hdfc-raises-rs-111-billion-from-marquee-investors-118011300299_1.html,2018-01-13 13:06:00
32,13 Jan 2018 | 10:33 PM IST,"HDFC to raise up to Rs 130 billion through preference shares, QIP",This will be the first equity raising by the country's largest pure-play mortgage lender in over a decade,https://www.business-standard.com/article/finance/hdfc-to-raise-up-to-rs-130-billion-through-preference-shares-qip-118011300376_1.html,2018-01-13 22:33:00
32,15 Jan 2018 | 11:24 AM IST,HDFC hits record high as board approves Rs 130 billion fund raising plan,"The stock hit lifetime high of Rs 1,832, up 4% on BSE after its board approved fund raising worth Rs 130 billion through a combination of a preferential allotment and QIP.",https://www.business-standard.com/article/markets/hdfc-hits-record-high-as-board-approves-rs-130-billion-fund-raising-plan-118011500224_1.html,2018-01-15 11:24:00
32,15 Jan 2018 | 4:27 PM IST,"HDFC surpasses Maruti Suzuki, Hindustan Unilever in m-cap ranking","With an m-cap of Rs 2,987 billion, HDFC now features at fifth rank in the list by replacing fast moving consumer goods company Hindustan Unilever from this prestigious club.",https://www.business-standard.com/article/markets/hdfc-surpasses-maruti-suzuki-hindustan-unilever-in-m-cap-ranking-118011500659_1.html,2018-01-15 16:27:00
32,16 Jan 2018 | 4:47 AM IST,HDFC m-cap crosses Rs 3 trn for first time on Rs 130-bn fundraising plan,"Shares of HDFC gained 6% to an all-time high of Rs 1,870",https://www.business-standard.com/article/companies/hdfc-m-cap-crosses-rs-3-trn-for-first-time-on-rs-130-bn-fundraising-plan-118011500956_1.html,2018-01-16 04:47:00
32,29 Jan 2018 | 2:51 PM IST,HDFC hits new high post Q3 results,"Thus far in the month of January 2018, the stock rallied 15% as compared to 6.5% rise in the S&P BSE Sensex.",https://www.business-standard.com/article/markets/hdfc-hits-new-high-post-q3-results-118012900527_1.html,2018-01-29 14:51:00
31,29 Jan 2018 | 2:59 PM IST,HDFC net profit jumps 233% in in Oct-Dec quarter to Rs 56.70 billion,HDFC also announced that it had received an approval for the issuance of non-convertible debentures worth Rs 350 billion,https://www.business-standard.com/article/companies/hdfc-net-profit-jumps-233-in-in-oct-dec-quarter-to-rs-56-70-billion-118012900542_1.html,2018-01-29 14:59:00
31,20 Feb 2018 | 6:22 PM IST,HDFC disburses Rs 28-bn loans to 14k home buyers under urban housing scheme,The Modi government had launched the housing for all by 2022 in June 2015 and the disbursement is from that period,https://www.business-standard.com/article/finance/hdfc-disburses-rs-28-bn-loans-to-14k-home-buyers-under-urban-housing-scheme-118022000751_1.html,2018-02-20 18:22:00
31,05 Mar 2018 | 10:58 PM IST,HDFC raises Rs 18.94 billion via share sale to global investors,"The board has approved and declared closure of the qualified institutional placement (QIP) issue today, HDFC said in a filing to stock exchanges",https://www.business-standard.com/article/finance/hdfc-raises-rs-18-94-billion-via-share-sale-to-global-investors-118030501135_1.html,2018-03-05 22:58:00
31,23 Mar 2018 | 6:00 AM IST,HDFC valuations indicate upside for stock: Listing of biz units is positive,"While investor sentiment is down on public sector banks (PSBs) and some private corporate lenders, there are others which are expected to continue creating value for its shareholders. Housing Development Finance Corporation (HDFC) is one such.The HDFC stock has gained about 30 per cent over the past year as compared to PSBs on the Nifty, down 13.5 per cent; private corporate lenders have gained 15.3 per cent. After reporting a strong set of numbers in October-December 2017 (Q3, see table), a sum-of-the-parts (SOTP) valuation of the company looks attractive.SOTP valuations take into account those of all other business units or subsidiaries or associates of a parent company, in proportion to the stake. Apart from positive business potential, recent developments make the case stronger for a higher valuation of the consolidated entity.First, the company raised equity capital of around ~130 billion, through QIP (qualified institutional placement) and preferential allotment, in the ...",https://www.business-standard.com/article/markets/hdfc-valuations-indicate-upside-for-stock-listing-of-biz-units-is-positive-118032201378_1.html,2018-03-23 06:00:00
31,01 May 2018 | 1:41 AM IST,"Former Sebi chairman U K Sinha, Asian Paints' Jalaj Dani join HDFC board",The board also re-appointed Keki M Mistry as the MD of the company for three years,https://www.business-standard.com/article/companies/former-sebi-chairman-u-k-sinha-asian-paints-jalaj-dani-join-hdfc-board-118050100046_1.html,2018-05-01 01:41:00
31,01 May 2018 | 5:51 AM IST,HDFC: Rise in individual loans with focus on affordable housing is key,"HDFC's full year's profit, which surged 63 per cent, was boosted by a one-time income of Rs 52.6 billion by selling stake in subsidiaries and IPO of its life insurance arm",https://www.business-standard.com/article/companies/hdfc-rise-in-individual-loans-with-focus-on-affordable-housing-is-key-118050100002_1.html,2018-05-01 05:51:00
31,03 May 2018 | 4:27 PM IST,Fund Analysis: HDFC High Interest S/T Fund,Business Standard looks at the fund and its features,https://www.business-standard.com/article/free-newsletter/fund-analysis-hdfc-high-interest-s-t-fund-118050200665_1.html,2018-05-03 16:27:00
31,13 Jun 2018 | 4:27 PM IST,HDFC realty acquires stake in HomeKraft; to develop mid-income projects,The investment by HDFC Capital Affordable Real Estate Fund in HomeKraft is one of the rare entity level equity investments in the real estate sector,https://www.business-standard.com/article/companies/hdfc-realty-acquires-stake-in-homekraft-to-develop-mid-income-projects-118061300544_1.html,2018-06-13 16:27:00
31,14 Jun 2018 | 1:52 AM IST,HDFC 5th biggest consumer financial services company globally: Forbes,"In the consumer financial services category, HDFC's rank has moved up from 7th place last year",https://www.business-standard.com/article/pti-stories/hdfc-5th-biggest-consumer-financial-services-company-globally-forbes-118061300839_1.html,2018-06-14 01:52:00
31,02 Jul 2018 | 11:13 PM IST,HDFC Bank MD's remuneration declines to Rs 9.65cr in 2017-18,"The remuneration drawn by Puri and bank employees, in terms of ratio, stood at 209:1 meaning he took home 209 times more than the median employees' remuneration for the year",https://www.business-standard.com/article/finance/hdfc-bank-md-s-remuneration-declines-to-rs-9-65cr-in-2017-18-118070201165_1.html,2018-07-02 23:13:00
31,04 Jul 2018 | 10:06 PM IST,Succession planning in HDFC and its group firms a key agenda: Deepak Parekh,"Parekh said it is important to reiterate to all the shareholders that succession planning both, within HDFC and its group companies is a key agenda on each of the respective boards",https://www.business-standard.com/article/companies/succession-planning-in-hdfc-and-its-group-firms-a-key-agenda-deepak-parekh-118070401075_1.html,2018-07-04 22:06:00
31,05 Jul 2018 | 1:36 AM IST,Road to succession to be a smooth affair: HDFC chairman Deepak Parekh,"Ensuring 'frictionless transition' top priority; boards will need 18-24 months to evaluate options, says HDFC group chairman",https://www.business-standard.com/article/companies/road-to-succession-to-be-a-smooth-affair-hdfc-chairman-deepak-parekh-118070500036_1.html,2018-07-05 01:36:00
31,30 Jul 2018 | 11:14 PM IST,"HDFC Q1 net up 54% to Rs 21.90 bn, gets nod for $1.5 bn external borrowings",Its loan book grew by 18.5 per cent at Rs 3.71 trillion at end of June 2018 as against Rs 3.13 trillion a year ago,https://www.business-standard.com/article/finance/hdfc-q1-net-up-54-to-rs-21-90-bn-gets-nod-for-1-5-bn-external-borrowings-118073001377_1.html,2018-07-30 23:14:00
31,31 Jul 2018 | 6:41 AM IST,HDFC Q1 net profit jumps 53.7%: Surge in NPA ratio not worrisome,"HDFC reported good operational performance for Q1, with assets under management  growing 18 per cent year-on-year",https://www.business-standard.com/article/companies/hdfc-q1-net-profit-jumps-53-7-surge-in-npa-ratio-not-worrisome-118073001388_1.html,2018-07-31 06:41:00
31,02 Aug 2018 | 3:13 PM IST,HDFC trades lower for fourth straight day,"In past four trading sessions, the stock of the country's largest mortgage lender has fallen 5% as compared to 0.36% decline in the S&P BSE Sensex.",https://www.business-standard.com/article/markets/hdfc-trades-lower-for-fourth-straight-day-118080200710_1.html,2018-08-02 15:13:00
31,02 Aug 2018 | 11:36 PM IST,HDFC raises lending rate by 20 bps following Reserve Bank rate hike,"For women borrowers, loans up to Rs 3 mn will be available at 8.70% and above Rs 3 million at 8.8%",https://www.business-standard.com/article/pti-stories/hdfc-raises-lending-rate-by-20-bps-118080201436_1.html,2018-08-02 23:36:00
31,08 Aug 2018 | 2:24 AM IST,Lessons from HDFC,Widely-held shareholding is not the ideal solution,https://www.business-standard.com/article/opinion/lessons-from-hdfc-118080701530_1.html,2018-08-08 02:24:00
31,13 Aug 2018 | 9:21 PM IST,Sukthankar's exit not linked to search for my successor: Aditya Puri,"Sukthankar was considered the most likely successor to HDFC Bank Managing Director Aditya Puri, who retires in October 2020",https://www.business-standard.com/article/finance/sukthankar-s-exit-not-linked-to-search-for-my-successor-hdfc-md-puri-118081300180_1.html,2018-08-13 21:21:00
31,13 Aug 2018 | 9:55 PM IST,The brouhaha over the HDFC vote,"If we want more nuanced shareholder voting, we need to ensure that pools of capital and their managers reside in India. This alone will ensure a win for Indian industry",https://www.business-standard.com/article/opinion/the-brouhaha-over-the-hdfc-vote-118081301387_1.html,2018-08-13 21:55:00
31,02 Nov 2018 | 2:23 AM IST,"HDFC: Q2 operationally in line, one-off gains offset by credit loss","While expected credit loss was due to IL&FS, the company created additional buffer out of exceptional income",https://www.business-standard.com/article/companies/hdfc-q2-operationally-in-line-one-off-gains-offset-by-credit-loss-118110200022_1.html,2018-11-02 02:23:00
30,18 Nov 2018 | 8:11 PM IST,"HDFC disburses Rs 11 billion subsidy to 51,000 home buyers under PMAY","The company on an average has been approving 8,300 loans on a monthly basis to the EWS and LIG segment, with monthly such average approvals at approximately Rs 13.54 billion",https://www.business-standard.com/article/companies/hdfc-disburses-rs-11-billion-subsidy-to-51-000-home-buyers-under-pmay-118111800410_1.html,2018-11-18 20:11:00
30,20 Nov 2018 | 1:47 AM IST,HDFC raises Rs 5 billion by issuing masala bonds; stock up by 0.57%,It will offer a coupon of 8.75 per cent per annum payable semi-annually for tenor of 5 years and one day,https://www.business-standard.com/article/companies/hdfc-raises-rs-5-billion-by-issuing-masala-bonds-stock-up-by-0-57-118112000059_1.html,2018-11-20 01:47:00
30,03 Dec 2018 | 1:32 AM IST,HDFC Bank's new mobile app malfunction unfixed for over 6 days: Users,"Currently, there is no mobile application available to HDFC bank customers and the bank has not uploaded the older version of the app till the new version is fixed",https://www.business-standard.com/article/companies/hdfc-bank-s-new-mobile-app-malfunction-unfixed-for-over-5-days-users-118120200632_1.html,2018-12-03 01:32:00
30,06 Dec 2018 | 5:21 PM IST,NCLT dismisses HDFC Ltd's insolvency petition against RHC Holding,RHC Holding had contended in this matter that it is a non-banking finance company and thus it could not be brought under IBC code,https://www.business-standard.com/article/companies/nclt-dismisses-hdfc-ltd-s-insolvency-petition-against-rhc-holding-118120600571_1.html,2018-12-06 17:21:00
30,19 Dec 2018 | 12:51 PM IST,"HDFC twins, ICICI Bank, L&T among 26 stocks near record highs","Avenue Supermarts, which owns and operates D-Mart supermarket chain, Nestle India, Bata India and Colgate-Palmolive (India) hit new highs on Wednesday.",https://www.business-standard.com/article/markets/hdfc-twins-icici-bank-l-t-among-26-stocks-near-record-highs-118121900314_1.html,2018-12-19 12:51:00
30,01 Jan 2019 | 1:55 AM IST,Dampener for home loan borrowers: HDFC hikes lending rates by 0.10%,The move comes amid a system-wide hike in lending rates due to tight liquidity,https://www.business-standard.com/article/finance/dampener-for-home-loan-borrowers-hdfc-hikes-lending-rates-by-0-10-118123100979_1.html,2019-01-01 01:55:00
30,01 Jan 2019 | 3:02 PM IST,Master of finance,"Besides building the HDFC group into a formidable financial powerhouse, Deepak Parekh is also the key person that government and business leaders go to for advice",https://www.business-standard.com/article/companies/master-of-finance-119010100406_1.html,2019-01-01 15:02:00
30,03 Jan 2019 | 8:35 AM IST,"HDFC to consider raising Rs 45,000 crore via issuance of NCDs on Jan 29",The company's Board will consider the issuance of NCDs on private placement basis in a meeting on January 29,https://www.business-standard.com/article/finance/hdfc-to-consider-raising-rs-45-000-crore-via-issuance-of-ncds-on-jan-29-119010300008_1.html,2019-01-03 08:35:00
30,19 Jan 2019 | 9:49 PM IST,"HDFC Bank Q3 net profit rises 20% to Rs 5,586 crore","The bank had posted a net profit of Rs 4,642.6 crore in the October-December quarter of the last fiscal",https://www.business-standard.com/article/companies/hdfc-bank-q3-net-profit-rises-20-to-rs-5-586-crore-119011900795_1.html,2019-01-19 21:49:00
30,30 Jan 2019 | 2:56 AM IST,No cause for concern despite HDFC's below-par show; stock falls 1.5%,"Housing loan demand remains strong, asset quality under control with healthy provisioning in place",https://www.business-standard.com/article/companies/no-cause-for-concern-despite-hdfc-s-below-par-show-stock-falls-1-5-119012901247_1.html,2019-01-30 02:56:00
30,14 Mar 2019 | 1:05 AM IST,HDFC Life OFS retail investor portion garners 84% subscription,"Retail investors bid for 8.4 million shares as against 10 million on offer, data from the exchanges showed",https://www.business-standard.com/article/markets/hdfc-life-ofs-retail-investor-portion-garners-84-subscription-119031400052_1.html,2019-03-14 01:05:00
30,14 Mar 2019 | 2:33 AM IST,"HDFC's loan exposure to wholesale, developer segments may impact its stock","Since the beginning of this year, the housing finance firm's stock lost 6% against the 4% gain in Sensex",https://www.business-standard.com/article/markets/hdfc-s-loan-exposure-to-wholesale-developer-segments-may-impact-its-stock-119031400028_1.html,2019-03-14 02:33:00
30,14 Mar 2019 | 2:34 AM IST,HDFC Bank m-cap tops Rs 6-trillion as shares rise for 5th straight session,"At closing price of Rs 2,226, the lender was valued at Rs 605,933 crore",https://www.business-standard.com/article/markets/hdfc-bank-m-cap-tops-rs-6-trillion-as-shares-rise-for-5th-straight-session-119031400087_1.html,2019-03-14 02:34:00
30,13 May 2019 | 2:05 PM IST,"HDFC Q4 profit jumps 27% to Rs 2,862 cr; interest income rises 19%",The board has proposed a final dividend of Rs 17.50 per share and the proposed final dividend is in addition to the interim dividend of Rs 3.50 per share declared earlier,https://www.business-standard.com/article/pti-stories/hdfc-q4-profits-rises-27-pc-to-rs-2-862-crore-119051300385_1.html,2019-05-13 14:05:00
30,13 May 2019 | 11:29 PM IST,"Despite few misses, loan book growth helps HDFC ride through a tough year",Profitability and asset quality passed the test of difficult operating conditions; loan growth remains key to buck the trend,https://www.business-standard.com/article/companies/loan-book-growth-helps-hdfc-ride-through-a-tough-year-despite-few-misses-119051301121_1.html,2019-05-13 23:29:00
30,14 May 2019 | 1:40 AM IST,"HDFC Q4 profit rises 27% to Rs 2,862 cr, asset quality improves marginally","The net interest income of the mortgage lender for the quarter stood at Rs 3,161 crore against Rs 2,650 crore in Q4FY18",https://www.business-standard.com/article/companies/hdfc-q4-profit-rises-27-to-rs-2-862-crore-announces-%E2%82%B917-50-share-dividend-119051301122_1.html,2019-05-14 01:40:00
30,31 May 2019 | 1:43 AM IST,"HDFC disburses more than Rs 2,300 crore as subsidy under PMAY scheme","The country's largest mortgage lender HDFC Ltd Wednesday said it has disbursed subsidy of more than Rs 2,300 crore under the government's flagship housing scheme PMAY, benefiting over one lakh first time home buyers.
The company has disbursed subsidy amounting to over Rs 2,300 crore benefitting over 1,04,000 families under the Pradhan Mantri Awas Yojana (PMAY) credit linked subsidy scheme (CLSS), HDFC said in a statement.
The company has approved Rs 22,136 crore of home loans under CLSS to homebuyers belonging to the economically weaker section (EWS), low income group (LIG) and middle income groups (MIG), HDFC said.
The mortgage lender has partnered with Ministry of Housing & Urban Affairs  and the National Housing Bank (NHB) to work towards the government's goal of 'Affordable Housing for All'.
""The government's PMAY scheme is a growth accelerator programme that aims to provide affordable housing to people in the country. The thrust on housing is a recognition that a rapidly ...",https://www.business-standard.com/article/pti-stories/hdfc-disburses-rs-2-300-cr-as-subsidy-under-pmay-119052901254_1.html,2019-05-31 01:43:00
30,11 Jun 2019 | 10:46 PM IST,HDFC stock sees first downgrade by analysts since liquidity crunch,"Nomura, on Tuesday, cut its recommendation from 'Buy' to 'Neutral' citing fair valuations",https://www.business-standard.com/article/companies/hdfc-stock-sees-first-downgrade-by-analysts-since-liquidity-crunch-119061100884_1.html,2019-06-11 22:46:00
30,28 Jun 2019 | 12:57 AM IST,HDFC Ergo-Apollo Munich merger won't hurt existing policy contract,"In future, there would be review and rationalisation of products and their features",https://www.business-standard.com/article/companies/hdfc-ergo-apollo-munich-merger-won-t-hurt-existing-policy-contract-119062701502_1.html,2019-06-28 00:57:00
30,04 Jul 2019 | 12:31 AM IST,Conservative values helped HDFC face headwinds in FY19: Deepak Parekh,"The latter half of FY19 was challenging for several sectors across the Indian economy as liquidity tightened, aversion to risk increased and consumption slowed",https://www.business-standard.com/article/companies/conservative-values-helped-hdfc-face-headwinds-in-fy19-deepak-parekh-119070301372_1.html,2019-07-04 00:31:00
29,04 Jul 2019 | 5:40 PM IST,HDFC moves NCLT to keep mortgaged Jet Airways HQ out of bankruptcy process,"The consortium of 26 bankers led by State Bank took the grounded Jet Airways to NCLT to recover their dues of over Rs 8,500 crore",https://www.business-standard.com/article/companies/hdfc-moves-nclt-to-keep-jet-airways-headquarters-out-of-bankruptcy-process-119070400799_1.html,2019-07-04 17:40:00
29,07 Jul 2019 | 3:55 PM IST,"Seven of top-10 firms add Rs 53,732 cr in m-cap; HDFC biggest gainer","In the ranking of top-10 firms, TCS was placed at the number one position, followed by RIL",https://www.business-standard.com/article/markets/seven-of-top-10-firms-add-rs-53-732-cr-in-m-cap-hdfc-biggest-gainer-119070700425_1.html,2019-07-07 15:55:00
29,11 Jul 2019 | 12:47 AM IST,NCLAT rejects HDFC's plea seeking insolvency against RHC Holding,"The appellate tribunal said it found ""no merits"" in HDFC's petition and said that non-bank financial lenders come under the purview of the Reserve Bank of India",https://www.business-standard.com/article/pti-stories/nclat-dismisses-hdfc-s-insolvency-plea-against-rhc-holding-119071000330_1.html,2019-07-11 00:47:00
29,21 Jul 2019 | 9:20 PM IST,"Goldman-HDFC JV bets big on student housing, plans 75,000 beds in 18 months","They are adding capacity through acquisitions, beside new projects",https://www.business-standard.com/article/companies/goldman-hdfc-jv-bets-big-on-student-housing-plans-75-000-beds-in-18-months-119072100723_1.html,2019-07-21 21:20:00
29,30 Jul 2019 | 4:10 PM IST,"We believe in VG Siddhartha, still own 6% in CCD: Global buyout major KKR",KKR in a statement on Tuesday said it had invested in the popular coffee chain nine years ago and part-exited the investment last year,https://www.business-standard.com/article/companies/we-believe-in-vg-siddhartha-still-own-6-in-ccd-global-buyout-major-kkr-119073000796_1.html,2019-07-30 16:10:00
29,01 Aug 2019 | 12:43 AM IST,HDFC reduces prime lending rates on home loans by 10 bps from August 1,"For women borrowers, there is an extra 5 bps discount in each category of loans",https://www.business-standard.com/article/finance/hdfc-reduces-prime-lending-rates-on-home-loans-by-10-bps-from-august-1-119080100025_1.html,2019-08-01 00:43:00
29,02 Aug 2019 | 3:03 PM IST,"HDFC Q1 profit jumps 46% to Rs 3,203 cr, boosted by Gruh Finance stake sale","The company's profit was boosted by one-time gain of Rs 1,894.21 crore from stake sale in Gruh Finance",https://www.business-standard.com/article/markets/hdfc-posts-46-profit-growth-at-rs-3203-cr-revenue-at-rs-12-990-cr-119080200775_1.html,2019-08-02 15:03:00
29,03 Aug 2019 | 1:29 AM IST,"HDFC Q1 net profit rises 46% to Rs 3,203, interest income up 11%","On a consolidated basis, the housing financier's total revenue from operations stood at Rs 23,239.82 crore in Q1",https://www.business-standard.com/article/companies/hdfc-q1-net-profit-rises-46-to-rs-3-203-interest-income-up-11-119080300046_1.html,2019-08-03 01:29:00
29,03 Aug 2019 | 3:17 AM IST,"Banks have turned risk averse, says HDFC chairman Deepak Parekh","One is hopeful that normalcy will be restored soon and by the time the festive season sets in, says Parekh",https://www.business-standard.com/article/companies/banks-have-turned-risk-averse-says-hdfc-chairman-deepak-parekh-119080300084_1.html,2019-08-03 03:17:00
29,05 Aug 2019 | 12:59 AM IST,CEOs bank on festive cheer; India Inc hopes for improvement in second half,"Demand to pick up from festival season next month, say corporate leaders",https://www.business-standard.com/article/economy-policy/india-inc-worried-about-economy-but-optimistic-of-better-times-ahead-119080400595_1.html,2019-08-05 00:59:00
29,06 Aug 2019 | 12:29 AM IST,"Sterling and Wilson Solar IPO: Business model, diverse operations key",Shapoorji Pallonji & Company holds a 66% stake in SWS while the rest is held by Khurshed Yazdi Daruvala,https://www.business-standard.com/article/markets/sterling-and-wilson-solar-ipo-business-model-diverse-operations-key-119080600014_1.html,2019-08-06 00:29:00
29,06 Aug 2019 | 9:25 PM IST,"Tough times for real estate sector, need to find solution: HDFC MD",She pointed out that developers have been facing cash crunch following the liquidity crisis in the NBFC sector,https://www.business-standard.com/article/pti-stories/tough-times-for-real-estate-sector-need-to-find-solution-hdfc-md-119080601353_1.html,2019-08-06 21:25:00
29,06 Aug 2019 | 11:16 PM IST,Indiabulls Housing Finance: Banking licence key after June quarter blip,"Gross NPA ratio slips to 1.47%, worst in five years; incremental cost of funds escalate to 9.2%",https://www.business-standard.com/article/markets/indiabulls-housing-banking-license-may-be-imperative-to-normalise-business-119080601442_1.html,2019-08-06 23:16:00
29,15 Aug 2019 | 11:00 PM IST,NBFCs will be in goodwill hunting mode for some time to come: Experts,"NBFCs are unlikely to have it easy anytime soon; if anything, the pain is set to get deeper",https://www.business-standard.com/article/finance/nbfcs-will-be-in-goodwill-hunting-mode-for-some-time-to-come-experts-119081501004_1.html,2019-08-15 23:00:00
29,30 Aug 2019 | 10:28 AM IST,Gruh Finance gains 8% after HDFC sells 9% stake through block deal,"HDFC offloaded 64.7 million equity shares representing 8.8 per cent of total equity of GRUH Finance for worth of Rs 1,599 crore at an average price of Rs 247 per share, the NSE data shows.",https://www.business-standard.com/article/markets/gruh-finance-gains-8-after-stake-sale-by-hdfc-119083000185_1.html,2019-08-30 10:28:00
29,15 Sep 2019 | 11:25 AM IST,"Six of 10 most valued cos add Rs 50,580 cr in m-cap; SBI, ICICI Bank lead","The market cap of TCS dropped Rs 21,125.9 crore to Rs 8,03,516.90 crore",https://www.business-standard.com/article/markets/six-of-10-most-valued-cos-add-rs-50-580-cr-in-m-cap-sbi-icici-bank-lead-119091500196_1.html,2019-09-15 11:25:00
29,26 Sep 2019 | 11:20 AM IST,Two stocks that Sacchitanand Uttekar of Tradebulls Securities is bullish on,"Nifty outlook and top trading ideas by Sacchitanand Uttekar, DVP - Technical (Equity)",https://www.business-standard.com/article/markets/buy-ideas-by-sacchitanand-uttekar-of-tradebulls-securities-grasim-hdfc-119092600156_1.html,2019-09-26 11:20:00
29,01 Oct 2019 | 9:54 AM IST,"Top 10 biz headlines: Forever 21 to shut shop, core sector output, and more","From Forever 21 filing for bankruptcy to core sector output declining by 0.5%, here are the top 10 business headlines on Tuesday",https://www.business-standard.com/article/current-affairs/top-10-biz-headlines-forever-21-to-shut-shop-core-sector-output-and-more-119100100146_1.html,2019-10-01 09:54:00
29,11 Oct 2019 | 1:59 AM IST,"No way to protect normal savings, system brutally unfair: HDFC Chairman",He said trust and confidence were the backbone of any financial system and one should never underestimate the power of ethics and values,https://www.business-standard.com/article/companies/no-way-to-protect-normal-savings-system-brutally-unfair-hdfc-chairman-119101100050_1.html,2019-10-11 01:59:00
29,15 Oct 2019 | 1:17 AM IST,"HDFC slashes lending rate by 10 basis points, effective from Oct 15",New rates will now range between 8.25 per cent and 8.65 per cent and the change will benefit all existing customers,https://www.business-standard.com/article/pti-stories/hdfc-trims-lending-rate-by-10-basis-points-119101401075_1.html,2019-10-15 01:17:00
28,22 Oct 2019 | 9:50 PM IST,"Shapoorji eyes tie-up with IFC, HDFC Capital Advisors for low-cost housing",Plans to build homes in the Rs 10 lakh to Rs 20 lakh category on the peripheries of large and tier II cities,https://www.business-standard.com/article/companies/shapoorji-eyes-tie-up-with-ifc-hdfc-capital-advisors-for-low-cost-housing-119102201470_1.html,2019-10-22 21:50:00
28,23 Oct 2019 | 3:41 PM IST,HDFC Life Insurance Q2 standalone net profit rises 7% at Rs 309 crore,The company's net profit in the year-ago period stood at Rs 286.98 crore,https://www.business-standard.com/article/pti-stories/hdfc-life-insurance-q2-profit-up-7-at-rs-309-cr-119102300704_1.html,2019-10-23 15:41:00
28,25 Oct 2019 | 8:09 PM IST,"HDFC AMC PBT rises 44%, post-tax profit up 79% on corporation tax cut",Firm provides nearly Rs 25 crore on Essel group debentures in books,https://www.business-standard.com/article/companies/hdfc-amc-pbt-rises-44-post-tax-profit-up-79-on-corporation-tax-cut-119102501200_1.html,2019-10-25 20:09:00
28,30 Oct 2019 | 8:27 AM IST,"Technical calls by Religare Broking: Buy Dabur, HDFC, Hero Motocorp",Weekly Technical Recommendations by Religare Broking Ltd.,https://www.business-standard.com/article/markets/technical-calls-from-religare-broking-buy-dabur-hdfc-hero-motocorp-119103000145_1.html,2019-10-30 08:27:00
28,31 Oct 2019 | 12:41 AM IST,RBI's promoter shareholding norm: HDFC buys 9.89% stake in Bandhan Bank,9.89% stake of the total share capital of Bandhan Bank has been alloted to HDFC Ltd,https://www.business-standard.com/article/pti-stories/hdfc-acquires-9-89-pc-stake-in-bandhan-bank-119103001583_1.html,2019-10-31 00:41:00
28,03 Nov 2019 | 10:52 AM IST,Eight of top-10 most valued firms add Rs 1.34 trillion in m-cap; TCS leads,"The market valuation of Tata Consultancy Services (TCS) jumped Rs 28,893.36 crore to Rs 8.27 trillion",https://www.business-standard.com/article/markets/eight-of-top-10-most-valued-firms-add-rs-1-34-trillion-in-m-cap-tcs-leads-119110300149_1.html,2019-11-03 10:52:00
28,04 Nov 2019 | 7:34 AM IST,"HDFC Q2 preview: Stake sale in Gruh Fin to support PAT, asset quality eyed","According to estimates by Narnolia Securities, the sale of GRUH Finance is expected to have generated around Rs 1,700 crore as at Q2FY20, providing ""sufficient liquidity"" to the HFC.",https://www.business-standard.com/article/companies/hdfc-q2-preview-stake-sale-in-gruh-fin-to-support-pat-asset-quality-eyed-119110400080_1.html,2019-11-04 07:34:00
28,05 Nov 2019 | 12:38 AM IST,One-time gains propel HDFC earnings in an otherwise steady Sep quarter,"Net interest income up 17%, PBT grows 30% and PAT jumps 61%; management still cautious about wholesale book",https://www.business-standard.com/article/companies/one-time-gains-propel-hdfc-earnings-in-an-otherwise-steady-sep-quarter-119110401463_1.html,2019-11-05 00:38:00
28,05 Nov 2019 | 12:42 AM IST,Cautious about growing HDFC's non-individual loan book: CEO Keki Mistry,"I think a lot of NBFCs are still struggling for liquidity and have been meeting the liability requirement by selling loans, says Keki Mistry",https://www.business-standard.com/article/finance/very-cautious-about-hdfc-s-non-individual-loan-book-ceo-keki-mistry-119110401134_1.html,2019-11-05 00:42:00
28,21 Nov 2019 | 10:48 PM IST,SBI made many poor commercial decisions in the past decade: MD Arijit Basu,"SBI's market capitalisation on Friday stood at a low Rs 2.95 trillion, which is just about 42% of private sector HDFC Bank's Rs 7.02 trillion",https://www.business-standard.com/article/finance/sbi-made-many-poor-commercial-decisions-in-the-past-decade-md-arijit-basu-119112101431_1.html,2019-11-21 22:48:00
28,25 Nov 2019 | 2:04 AM IST,"Indian economy is firming up, banking system safe: SBI, HDFC Bank chiefs","Credit demand is firming up and coming from roads, solar power projects, and the oil and gas sector, particularly city gas projects in the case of SBI",https://www.business-standard.com/article/economy-policy/indian-economy-is-firming-up-banking-system-safe-sbi-hdfc-bank-chiefs-119112500030_1.html,2019-11-25 02:04:00
28,25 Nov 2019 | 7:44 AM IST,"Nifty outlook and top trading ideas by CapitalVia: Buy HDFC, Equitas","Technical Calls by Gaurav Garg, Head of Research at CapitalVia Global Research Limited- Investment Advisor",https://www.business-standard.com/article/markets/nifty-outlook-and-top-trading-ideas-by-capitalvia-buy-hdfc-equitas-119112500072_1.html,2019-11-25 07:44:00
28,26 Nov 2019 | 10:44 AM IST,"Reliance Industries, ICICI Bank propel Nifty to fresh record high","Since September, FPIs have pumped in net amount of Rs 37,496 crore, while domestic mutual funds invested net amount of Rs 12,618 crore in equities, Sebi data shows.",https://www.business-standard.com/article/markets/reliance-industries-icici-bank-help-nifty-to-hit-all-time-high-119112600228_1.html,2019-11-26 10:44:00
28,27 Nov 2019 | 10:59 AM IST,"HDFC, HDFC AMC rise up to 3% after Morgan Stanley maintains 'overweight'","So far in the fiscal year 2019-20, the stocks have outperformed the benchmark. While HDFC has surged 17 per cent, HDFC AMC has zoomed 134 per cent till Tuesday.",https://www.business-standard.com/article/markets/hdfc-hdfc-amc-rise-up-to-3-after-morgan-stanley-maintains-overweight-119112700281_1.html,2019-11-27 10:59:00
28,01 Dec 2019 | 12:12 PM IST,"Eight of top-10 most valued firms add Rs 52,194-cr in m-cap; SBI, HDFC lead",The Sensex advanced 434.40 points or 1.07 per cent last week,https://www.business-standard.com/article/markets/eight-of-top-10-most-valued-firms-add-rs-52-194-cr-in-m-cap-sbi-hdfc-lead-119120100183_1.html,2019-12-01 12:12:00
28,04 Dec 2019 | 11:21 PM IST,"HDFC Bank's net banking, mobile app services restored after two days",Experts rule this out as a hacking incident and say the outage could have been because of a heavy load on the bank's server,https://www.business-standard.com/article/beyond-business/hdfc-bank-s-net-banking-mobile-app-services-restored-after-two-days-119120400990_1.html,2019-12-04 23:21:00
28,15 Dec 2019 | 10:49 AM IST,"Six of top-10 firms add Rs 65,060 cr in m-cap; RIL, HDFC top gainers","In the broader market, the BSE 30-share Sensex advanced 564.56 points or 1.39% last week",https://www.business-standard.com/article/markets/six-of-top-10-firms-add-rs-65-060-cr-in-m-cap-ril-hdfc-top-gainers-119121500134_1.html,2019-12-15 10:49:00
28,16 Dec 2019 | 7:02 PM IST,"Four firms to list commercial papers on BSE for issue size of Rs 4,075 cr","The effective date for listing of the commercial paper at the exchange is December 17, the exchange said in a media release",https://www.business-standard.com/article/pti-stories/four-firms-to-list-commercial-papers-on-bse-for-total-issue-size-of-rs-4-075-cr-119121601091_1.html,2019-12-16 19:02:00
28,24 Dec 2019 | 11:34 PM IST,"HDFC to mop up Rs 2,500 crore by issuing bonds on private placement basis","The secured redeemable non-convertible debentures are to be allotted on a private placement basis on Friday for an issue size of Rs 2,500 crore, HDFC Ltd said in a regulatory filing on Tuesday",https://www.business-standard.com/article/pti-stories/hdfc-to-raise-up-to-rs-2-500-cr-by-issuing-bonds-119122400832_1.html,2019-12-24 23:34:00
28,28 Dec 2019 | 12:52 AM IST,Confidence among bankers to disburse loans missing: HDFC's Renu Sud Karnad,"Demonetisation, RERA, and GST did cause some uncertainty and people stopped buying homes, as they didn't see homes being delivered, says managing director of HDFC Renu Sud Karnad",https://www.business-standard.com/article/companies/confidence-among-bankers-to-disburse-loans-missing-hdfc-s-renu-sud-karnad-119122800016_1.html,2019-12-28 00:52:00
27,29 Dec 2019 | 10:33 AM IST,"Six of top-10 firms lose Rs 64,419 cr in m-cap last week; RIL takes big hit","While TCS, HDFC Bank were the other firms which witnessed a decline in their m-cap for the week ended Friday, HDFC, HUL, ICICI Bank and Infosys emerged as gainers",https://www.business-standard.com/article/markets/six-of-top-10-firms-lose-rs-64-419-cr-in-m-cap-last-week-ril-takes-big-hit-119122900142_1.html,2019-12-29 10:33:00
27,02 Jan 2020 | 12:20 PM IST,Regulators approve HDFC's 51% stake buy in Apollo Munich Health Insurance,"In June 2019, HDFC had signed agreement with Apollo Hospitals Group to acquire its 51.2 per cent stake in the health insurance company for Rs 1,347 crore",https://www.business-standard.com/article/companies/regulators-approves-hdfc-s-51-stake-buy-in-apollo-munich-health-insurance-120010200321_1.html,2020-01-02 12:20:00
27,02 Jan 2020 | 3:45 PM IST,"HDFC, subsidiary get approval for acquiring majority stake in Apollo Munich","HDFC will acquire 50.8% from the Apollo Hospitals group for Rs 1,336 crore and will buy out the 0.4% stake being held by the employees for Rs 10.84 crore",https://www.business-standard.com/article/pti-stories/hdfc-subsidiary-get-approvals-for-acquiring-majority-stake-in-apollo-munich-120010200551_1.html,2020-01-02 15:45:00
27,03 Jan 2020 | 7:13 PM IST,"HDFC to raise Rs 5,000 cr via bonds to shore up long-term capital needs","The issue size of the bond issue is Rs 3,000 crore with an option to retain oversubscription up to Rs 2,000 crore",https://www.business-standard.com/article/pti-stories/hdfc-to-raise-up-to-rs-5-000-cr-next-week-by-issuing-bonds-120010300972_1.html,2020-01-03 19:13:00
27,04 Jan 2020 | 2:21 AM IST,HDFC cuts interest rate by 5 basis points with effect from January 2020,"For customers with loans above Rs 75 lakh, the effective rate will be 8.45 per cent. For women borrowers in each loan category, the effective rate is 5 bps lower",https://www.business-standard.com/article/finance/hdfc-cuts-interest-rate-by-5-basis-points-with-effect-from-january-2020-120010400059_1.html,2020-01-04 02:21:00
27,09 Jan 2020 | 2:58 AM IST,"Political, regulatory pressure impacting risk taking by firms: HDFC CEO",The comments come at a time when official estimates for FY20 project GDP growth hurtling to an 11-year low of 5 per cent,https://www.business-standard.com/article/companies/political-regulatory-pressure-impacting-risk-taking-by-firms-hdfc-ceo-120010900072_1.html,2020-01-09 02:58:00
27,09 Jan 2020 | 9:13 PM IST,"HDFC completes acquisition majority stake in Apollo Munich for Rs 1,495 cr","Mortgage lender HDFC on Thursday said it has completed the acquisition of majority stake in Apollo Munich Health Insurance for Rs 1,495.81 crore.
HDFC bought 50.80 per cent stake of Apollo Hospitals Group in Apollo Munich for Rs 1,485.14 crore and 0.36 per cent shareholding of employees for Rs 10.67 crore.
On January 2, HDFC had informed that the company and its subsidiary HDFC ERGO has got approvals for acquiring a majority shareholding in Apollo Munich.
""Subsequent to this approval (regulatory), Apollo Munich Health Insurance Co Ltd has been renamed as HDFC ERGO Health Insurance Ltd (HDFC ERGO Health) and will operate as a subsidiary of HDFC Ltd,"" HDFC said in a regulatory filing on Thursday.
The acquisition comes after approvals from the Competition Commission of India, the RBI and the Insurance Regulatory and Development Authority of India.
Anuj Tyagi, Executive Director & Chief Business Officer at HDFC ERGO General Insurance Company (HDFC ERGO General) has been appointed as .",https://www.business-standard.com/article/pti-stories/hdfc-completes-majority-acquisition-in-apollo-munich-120010901147_1.html,2020-01-09 21:13:00
27,23 Jan 2020 | 11:18 PM IST,HDFC Bank to tap Egon Zehnder to identify Aditya Puri's successor: Report,"Puri, whose term comes to an end in October this year, is also an advisor to the search committee tasked with identifying a suitable candidate",https://www.business-standard.com/article/finance/hdfc-to-retain-egon-zehnder-to-identify-aditya-puri-s-successor-report-120012300658_1.html,2020-01-23 23:18:00
27,27 Jan 2020 | 11:13 AM IST,"HDFC dips 1% ahead of Q3 nos; analysts eye 20% YoY loan growth, weak NIM",Analysts expect the non-banking finance company (NBFC) to report healthy loan growth amid weak net interest income and weak margins.,https://www.business-standard.com/article/markets/hdfc-dips-1-ahead-of-q3-nos-analysts-eye-20-yoy-loan-growth-weak-nim-120012700309_1.html,2020-01-27 11:13:00
27,27 Jan 2020 | 4:43 PM IST,"HDFC Q3 PAT at Rs 8,372.5 cr, Board nod to raise up to Rs 45K cr via NCDs","Fair value gain consequent to merger of Gruh, an associate, with Bandhan Bank at Rs 9,019.8 crore",https://www.business-standard.com/article/markets/hdfc-q3-pat-at-rs-8-372-5-cr-board-nod-to-raise-up-to-rs-45k-cr-via-ncds-120012700930_1.html,2020-01-27 16:43:00
27,27 Jan 2020 | 5:36 PM IST,"Market Wrap, Jan 27: Sensex tanks 458 pts; HDFC Q3 profit rises 296% YoY",Metal stocks were under heavy selling pressure today as investors grew increasingly anxious about the economic impact of spreading of China's Coronavirus outbreak,https://www.business-standard.com/podcast/markets/market-wrap-jan-27-sensex-tanks-458-pts-hdfc-q3-profit-rises-296-yoy-120012701065_1.html,2020-01-27 17:36:00
27,27 Jan 2020 | 11:02 PM IST,"HDFC pre-tax profit rises 219% at Rs 9,143 cr in December quarter","The mortgage lender received fair value gain of Rs 9,020 crore from derecognition of investment in Gruh Finance",https://www.business-standard.com/article/finance/hdfc-pre-tax-profit-rises-219-at-rs-9-143-cr-in-december-quarter-120012701678_1.html,2020-01-27 23:02:00
27,28 Jan 2020 | 2:05 AM IST,HDFC beats expectations in Q3; conservative provisioning offers comfort,"Net interest income (difference between interest earned and expense) growth of 9 per cent YoY to Rs 3,239.9 crore was better than analyst expectations of around 8 per cent",https://www.business-standard.com/article/companies/hdfc-beats-expectations-in-q3-conservative-provisioning-offers-comfort-120012800076_1.html,2020-01-28 02:05:00
27,28 Jan 2020 | 10:01 AM IST,HDFC gains 3% as Q3 PBT jumps 219% YoY on fair-value gain from Gruh Finance,"For the quarter under review, the company received a fair value gain of Rs 9,020 crore from de-recognition of investment in Gruh Finance, which got merged with private sector lender Bandhan Bank.",https://www.business-standard.com/article/markets/hdfc-gains-3-as-q3-pbt-jumps-219-on-fair-value-gain-from-gruh-finance-120012800226_1.html,2020-01-28 10:01:00
27,06 Feb 2020 | 3:07 AM IST,Financial groups: Focus shifts to their ability to boost parent's valuation,"While lack of clarity on outlook of insurance business has weighed on valuations of parent firms, retail loan growth and fee income need to be closely watched",https://www.business-standard.com/article/companies/financial-groups-focus-shifts-to-their-ability-to-boost-parent-s-valuation-120020501848_1.html,2020-02-06 03:07:00
27,20 Feb 2020 | 12:23 AM IST,Benchmark indices snap four-session losing streak on China fillip,Gains in index heavyweights such as Reliance Industries and HDFC helped domestic indices post their biggest jump in two weeks,https://www.business-standard.com/article/markets/benchmark-indices-snap-four-session-losing-streak-on-china-fillip-120022000016_1.html,2020-02-20 00:23:00
27,03 Mar 2020 | 6:59 PM IST,"Reliance Capital defaults on interest payments to HDFC, Axis Bank","Firm claims Delhi High Court, DRT rulings restrain payments; Reliance Home Fin also defaults on interest payment on term loan and cash credit",https://www.business-standard.com/article/companies/reliance-capital-defaults-on-interest-payments-to-hdfc-axis-bank-120030301233_1.html,2020-03-03 18:59:00
27,05 Mar 2020 | 1:33 AM IST,"HDFC cuts lending rate by 5 bps for salaried people, effective from March 9","HDFC cuts lending rate by 5 bps for salaried people, effective from March 9",https://www.business-standard.com/article/finance/hdfc-cuts-lending-rate-by-5-bps-for-salaried-people-effective-from-march-9-120030500063_1.html,2020-03-05 01:33:00
27,05 Mar 2020 | 1:48 PM IST,Maruti Suzuki ties up with HDB Financial Services for providing car loan,"HDBFS has a network of over 1,425 branches in 1,038 towns and cities",https://www.business-standard.com/article/pti-stories/maruti-suzuki-ties-up-with-hdb-financial-services-for-car-loans-120030500522_1.html,2020-03-05 13:48:00
27,13 Mar 2020 | 8:19 PM IST,YES Bank's Reconstruction Scheme: The story so far,"Hours after the Cabinet approved restructuring scheme for YES Bank, private lenders ICICI Bank, HDFC, Kotak Mahindra Bank and Axis Bank came to the cash-strapped bank's rescue",https://www.business-standard.com/podcast/companies/yes-bank-s-reconstruction-scheme-the-story-so-far-120031301467_1.html,2020-03-13 20:19:00
26,14 Mar 2020 | 3:14 AM IST,"YES Bank gets Rs 3,100-cr lifeline from pvt lenders; moratorium to go soon","The YES Bank reconstruction plan will include an equity investment of at least Rs 11,350 crore from various entities, including multiple private lenders.",https://www.business-standard.com/article/finance/yes-bank-gets-rs-11-000-crore-lifeline-moratorium-to-be-lifted-by-march-18-120031301633_1.html,2020-03-14 03:14:00
26,16 Mar 2020 | 7:58 PM IST,"HDFC to hold 7.97% stake in YES Bank for Rs 1,000 crore capital infusion","On Friday, HDFC said it is investing in 100 crore equity shares of Rs 2 each in Yes Bank for a consideration of Rs 10 per share (including Rs 8 premium) for an aggregate consideration of Rs 1,000 cr",https://www.business-standard.com/article/finance/hdfc-to-hold-7-97-stake-in-yes-bank-for-rs-1-000-crore-capital-infusion-120031601346_1.html,2020-03-16 19:58:00
26,16 Mar 2020 | 10:21 PM IST,"Investments in YES Bank aimed at providing stability, says SBI chief","SBI Card, the second largest largest credit card issuer in the country, got listed at 13 per cent discount at Rs 658 on the BSE, against the issue price of Rs 755.",https://www.business-standard.com/article/finance/investments-in-yes-bank-aimed-at-providing-stability-says-sbi-chief-120031601106_1.html,2020-03-16 22:21:00
26,16 Mar 2020 | 11:20 PM IST,Private lenders' 'act of kindness' to YES Bank irks investors,Peers investing indicates other investors' reluctance; banks must conserve capital first before bailing out the private lender,https://www.business-standard.com/article/companies/private-lenders-act-of-kindness-to-yes-bank-irks-investors-120031601190_1.html,2020-03-16 23:20:00
26,17 Mar 2020 | 8:11 PM IST,Investor wealth tumbles Rs 9.74 trillion in two days as markets plunge,"In two days, investors have lost Rs 9,74,176.71 crore wealth. At close of trade on Tuesday, the market capitalisation of BSE-listed companies was at Rs 1,19,52,066.11 crore.",https://www.business-standard.com/article/pti-stories/investor-wealth-tumbles-rs-9-74-lakh-cr-in-two-days-of-mkt-plunge-120031701303_1.html,2020-03-17 20:11:00
26,20 Mar 2020 | 5:14 PM IST,"Market Wrap, March 20: Sensex jumps 1,628 pts, Nifty ends at 8,745","HDFC Bank slipped over 1 per cent to Rs 882 after global brokerage house Bernstein downgraded the stock to 'unerperform' and sharply slashed the target price to Rs 750 from Rs 1,400 earlier",https://www.business-standard.com/podcast/markets/market-wrap-march-20-sensex-jumps-1-628-pts-nifty-ends-at-8-745-120032001119_1.html,2020-03-20 17:14:00
26,08 Apr 2020 | 2:19 AM IST,India may get $1.3-bn passive flow; MSCI EM weight may rise: Morgan Stanley,"In October, the Indian government had issued a circular raising statutory FPI limit of Indian companies to the sectoral foreign investment limit",https://www.business-standard.com/article/markets/india-may-get-1-3-bn-passive-flow-msci-em-weight-may-rise-morgan-stanley-120040700172_1.html,2020-04-08 02:19:00
26,11 Apr 2020 | 11:44 PM IST,RBI should start buying corporate bonds to provide liquidity: Deepak Parekh,"According to him, interest rates will go down further, but banks must pass them on to companies.",https://www.business-standard.com/article/finance/rbi-should-start-buying-corporate-bonds-to-provide-liquidity-deepak-parekh-120041101332_1.html,2020-04-11 23:44:00
26,12 Apr 2020 | 1:53 PM IST,People's Bank of China picks up 1% stake in lending major HDFC,"The People's Bank of China holds stakes in companies across the world, including BP Plc and Royal Dutch Shell Plc.",https://www.business-standard.com/article/markets/people-s-bank-of-china-picks-up-1-stake-in-lending-major-hdfc-120041200377_1.html,2020-04-12 13:53:00
26,13 Apr 2020 | 2:09 AM IST,China central bank hikes stake in HDFC amid a sharp correction in shares,Sources say PBoC may have increased its stake by 0.2 percentage points in March,https://www.business-standard.com/article/finance/china-central-bank-hikes-stake-in-hdfc-amid-sharp-correction-in-shares-120041200860_1.html,2020-04-13 02:09:00
26,13 Apr 2020 | 8:07 AM IST,"Market Ahead, April 13: Top factors that could guide markets this week",HDFC will be in focus in today's session after the People's Bank of China increased its stake in the lending major to 1.01 per cent,https://www.business-standard.com/podcast/markets/market-ahead-april-13-top-factors-that-could-guide-markets-this-week-120041300085_1.html,2020-04-13 08:07:00
26,15 Apr 2020 | 12:33 AM IST,Chinese investment into Indian markets amid meltdown draws Sebi's attention,The issue surfaced after the shareholding pattern disclosed by HDFC showed the People's Bank of China had hiked its stake in the mortgage lender during the March quarter,https://www.business-standard.com/article/markets/chinese-investment-into-indian-markets-amid-meltdown-draws-sebi-s-attention-120041500026_1.html,2020-04-15 00:33:00
26,20 Apr 2020 | 11:31 PM IST,Ending opportunism,Govt right to crack down on strategic investments from China,https://www.business-standard.com/article/opinion/ending-opportunism-120042001736_1.html,2020-04-20 23:31:00
26,21 Apr 2020 | 9:53 PM IST,HDFC cuts prime lending rate by 15 bps; move to benefit home loan customers,The reduction in rate comes after the RBI provided a boost to the banking system through its policy measures and also introduced a targeted long term repo operation (TLTRO),https://www.business-standard.com/article/finance/hdfc-cuts-prime-lending-rate-by-15-bps-move-to-benefit-home-loan-customers-120042101647_1.html,2020-04-21 21:53:00
26,25 Apr 2020 | 4:09 PM IST,HDFC invokes pledged shares to acquire 6.43% stake in Reliance Capital,"These shares were acquired pursuant to invocation of pledge by security trustee on behalf of the corporation, which was pledged against a loan given by the lender in its normal course of business",https://www.business-standard.com/article/companies/hdfc-invokes-pledged-shares-to-acquire-6-43-stake-in-reliance-capital-120042500574_1.html,2020-04-25 16:09:00
26,29 Apr 2020 | 4:47 PM IST,"Market Wrap, April 29: Here's all that happened in the markets today","Among sectoral indices, Nifty Metal index was the top gainer - up 3.74 per cent at 1,724 levels, followed by Nifty Financial Service index (up 3.43 per cent)",https://www.business-standard.com/podcast/markets/market-wrap-april-29-here-s-all-that-happened-in-the-markets-today-120042900957_1.html,2020-04-29 16:47:00
26,08 May 2020 | 1:53 AM IST,RIL's valuation premium hits all-time high of 830 bps; stock rises over 3%,It is trading at nearly 28 times its trailing earnings per share against Sensex's 19.4,https://www.business-standard.com/article/companies/ril-s-valuation-premium-hits-all-time-high-of-830-bps-stock-rises-over-3-120050800084_1.html,2020-05-08 01:53:00
26,12 May 2020 | 2:05 AM IST,"Shareholders unhappy with virtual AGM concept, but little choice available",The Ministry of Corporate Affairs (MCA) had clarified earlier this month that it would be allowing the meetings to be conducted online because of Covid-19,https://www.business-standard.com/article/companies/shareholders-unhappy-over-virtual-agm-concept-but-little-choice-avialble-120051101115_1.html,2020-05-12 02:05:00
26,19 May 2020 | 1:20 AM IST,Reduce stake in insurance subsidiaries to 50% or below: RBI to HDFC,"HDFC's share price were down almost 8 per cent to Rs 1,512",https://www.business-standard.com/article/companies/reduce-stake-in-insurance-subsidiaries-to-50-or-below-rbi-to-hdfc-120051900071_1.html,2020-05-19 01:20:00
26,19 May 2020 | 8:16 AM IST,"Market Ahead, May 19: Top factors that could guide markets today","Today, 18 companies, including Bajaj Finance, Apollo Tyre, and Ujjivan Small Finance Bank, are scheduled to announce their March quarter earnings",https://www.business-standard.com/podcast/markets/market-ahead-may-19-top-factors-that-could-guide-markets-today-120051900177_1.html,2020-05-19 08:16:00
25,19 May 2020 | 4:05 PM IST,"MARKET: Sensex slips 544 pts from day's high, ends 167 pts up; PSBs decline",All that happened in the markets today,https://www.business-standard.com/article/markets/market-live-sensex-nifty-bse-nse-sgx-nifty-covid-19-bharti-airtel-120051900164_1.html,2020-05-19 16:05:00
25,25 May 2020 | 6:15 AM IST,HDFC to report Q4 nos today; here's what leading brokerages expect,Analysts see the net profit declining anywhere between 30 per cent and 70 per cent year-on-year (YoY) coupled with elevated asset quality concerns during the period under review,https://www.business-standard.com/article/markets/hdfc-to-report-q4-nos-on-monday-here-s-what-leading-brokerages-expect-120052400470_1.html,2020-05-25 06:15:00
25,25 May 2020 | 3:48 PM IST,"HDFC Q4 standalone PBT down 27% to Rs 2,692 cr, revenue up marginally","The company said revenue was at Rs 11,975.72 crore, from Rs 11,580.05 a year ago.",https://www.business-standard.com/article/companies/hdfc-q4-standalone-pbt-down-27-to-rs-2-692-cr-revenue-up-marginally-120052500636_1.html,2020-05-25 15:48:00
25,25 May 2020 | 4:18 PM IST,"Housing firm HDFC Ltd profit declines 10% to Rs 4,342 crore in Q4","The company's net profit (before adjustment of minority interest) was Rs 4,811.26 crore in January-March quarter of 2018-19",https://www.business-standard.com/article/pti-stories/hdfc-ltd-q4-profit-declines-10-pc-to-rs-4-342-cr-120052500660_1.html,2020-05-25 16:18:00
25,26 May 2020 | 8:11 AM IST,"Market Ahead, May 26: Top factors that could guide markets this week",Corporate results will continue to pour in throughout the week. Investors will first react to HDFC's and other results that were announced over the weekend,https://www.business-standard.com/podcast/markets/market-ahead-may-26-top-factors-that-could-guide-markets-this-week-120052600141_1.html,2020-05-26 08:11:00
25,26 May 2020 | 3:09 PM IST,"HDFC advances over 3% as Q4 nos beat Street expectations, pares gains later","The mortage lender on Monday reported a 22 per cent decline in net profit at Rs 2,233 crore in the fourth quarter, compared to Rs 2,862 crore in the year-ago period.",https://www.business-standard.com/article/markets/hdfc-advances-over-3-as-q4-earnings-beat-street-expectations-120052600281_1.html,2020-05-26 15:09:00
25,26 May 2020 | 4:08 PM IST,"Sensex slips 477 pts from day's high, ends 63 pts lower; IT stocks decline",All that happened in the markets today,https://www.business-standard.com/article/markets/market-live-hdfc-bharti-airtel-sensex-nifty-nse-sgx-nifty-yes-bank-120052600124_1.html,2020-05-26 16:08:00
25,28 May 2020 | 12:48 AM IST,"High risk aversion of most lenders is astounding, says Bajaj Finserv CMD","Instead of extending the moratorium by another three months, it would have been better to allow lenders to offer a one-time restructuring only to those who need it, says Sanjiv Bajaj",https://www.business-standard.com/article/finance/high-risk-aversion-of-most-banks-astounding-says-bajaj-finserv-cmd-120052701467_1.html,2020-05-28 00:48:00
25,28 May 2020 | 8:22 AM IST,Here's why Gaurav Garg of CapitalVia is bullish on the HDFC twins,"Technical Calls by Gaurav Garg, Head of Research at CapitalVia Global Research Limited- Investment Advisor",https://www.business-standard.com/article/markets/here-s-why-gaurav-garg-of-capitalvia-is-bullish-on-the-hdfc-twins-120052800184_1.html,2020-05-28 08:22:00
25,28 May 2020 | 9:16 PM IST,Rising bankruptcies among global retailers to hurt Indian IT firms,"Retail majors JC Penney, Neiman Marcus and Aldo Group collectively owe $8.7 million to TCS, say bankruptcy filings",https://www.business-standard.com/article/companies/rising-bankruptcies-among-global-retailers-to-hurt-indian-it-firms-120052801402_1.html,2020-05-28 21:16:00
25,29 May 2020 | 8:36 AM IST,"Corona warriors for markets: Ambani, Adani stocks rise most since lockdown","The Bajaj group is the only one on the list of 12 conglomerates to be down - 1 per cent - since the lockdown came into effect, thanks to the hammering of stocks of non-banking financial companies.",https://www.business-standard.com/article/companies/corona-warriors-for-markets-ambani-adani-stocks-rise-most-since-lockdown-120052900051_1.html,2020-05-29 08:36:00
25,02 Jun 2020 | 2:30 AM IST,"Nifty zooms 1,000 points in just 9 trading sessions; HDFC Bank shines","Interestingly, all the 50 Nifty components have delivered positive gains during this period.",https://www.business-standard.com/article/markets/nifty-zooms-1-000-points-in-just-9-trading-sessions-hdfc-bank-shines-120060200086_1.html,2020-06-02 02:30:00
25,04 Jun 2020 | 3:02 AM IST,"HDFC offloads 26 million shares worth Rs 1,274 crore of HDFC Life","According to bulk deal data available with the BSE, a total of 26,000,000 shares of HDFC Life Insurance Company were sold by its promoter HDFC",https://www.business-standard.com/article/markets/hdfc-offloads-26-million-shares-worth-rs-1-274-crore-of-hdfc-life-120060400099_1.html,2020-06-04 03:02:00
25,11 Jun 2020 | 1:24 AM IST,Financial sector drags down Nifty's P/B value below historical average,"Index trading at price-to-book ratio of 2.9x, compared to 20-year average of 3.5x",https://www.business-standard.com/article/markets/financial-sector-drags-down-nifty-s-p-b-value-below-historical-average-120061100053_1.html,2020-06-11 01:24:00
25,12 Jun 2020 | 2:24 AM IST,"HDFC plans to raise up to Rs 4,000 cr via bonds; stock ends 1.25% lower","The issue, set to close on the same date (June 15), will offer coupon rate of 7.25 per cent per annum payable annually. The date of redemption is June 17, 2030.",https://www.business-standard.com/article/companies/hdfc-plans-to-raise-up-to-rs-4-000-cr-via-bonds-stock-ends-1-25-lower-120061200088_1.html,2020-06-12 02:24:00
25,12 Jun 2020 | 2:47 PM IST,"HDFC cuts prime lending rate by 20 bps, move to benefit home loan customers","Following the rate cut, the new rates of HDFC will be in the range of 7.5% to 8.5%",https://www.business-standard.com/article/finance/hdfc-cuts-prime-lending-rate-by-20-bps-move-to-benefit-home-loan-customers-120061200575_1.html,2020-06-12 14:47:00
25,18 Jun 2020 | 11:03 PM IST,"Fears about India's retail loan defaults overblown, says Macquarie","""the unanimous feedback has been that there has been a decline in the total loan book under moratorium from the 25-30% numbers reported as of end-May,"" analysts led by Suresh Ganapathy wrote in a note",https://www.business-standard.com/article/economy-policy/fears-about-india-s-retail-loan-defaults-overblown-says-macquarie-120061801976_1.html,2020-06-18 23:03:00
25,19 Jun 2020 | 8:06 AM IST,Pullback on the higher side likely if Nifty holds 10k: Nilesh Jain,The momentum oscillator MACD has provided buy crossover on the Nifty's hourly chart,https://www.business-standard.com/article/markets/pullback-on-the-higher-side-likely-if-nifty-holds-10k-nilesh-jain-120061900179_1.html,2020-06-19 08:06:00
25,20 Jun 2020 | 2:46 AM IST,"HDFC's board approves raising up to Rs 14,000 cr through various means","The funds will be raised through issuance of equity shares or compulsorily-convertible debentures, non-convertible debentures along with warrants, foreign currency convertible bonds",https://www.business-standard.com/article/companies/hdfc-s-board-approves-raising-up-to-rs-14-000-cr-through-various-means-120062000089_1.html,2020-06-20 02:46:00
25,10 Jul 2020 | 5:30 PM IST,"Top headlines: PBOC sells stake in HDFC, Vikas Dubey killed & more",Here are the top headlines of the day,https://www.business-standard.com/article/current-affairs/top-headlines-pboc-sells-stake-in-hdfc-vikas-dubey-killed-more-120071000993_1.html,2020-07-10 17:30:00
24,13 Jul 2020 | 9:04 PM IST,"HDFC plans to seek shareholders' approval to raise Rs 45,000 crore","The board of directors of HDFC Ltd will meet on July 30 to announce the quarterly results for the first quarter ended June of the current fiscal, it said in a regulatory filing.",https://www.business-standard.com/article/finance/hdfc-plans-to-seek-shareholders-approval-to-raise-rs-45-000-crore-120071301406_1.html,2020-07-13 21:04:00
24,14 Jul 2020 | 1:23 PM IST,"Financial stocks crack; Nifty Bank tanks 4%; Axis Bank, SBI slide up to 5%","That apart, NBFC stocks such as Bajaj Financial Holding, Bajaj Finserv, M&M Finance, Choldamandalam Investment and Finance Company, and Bajaj Finance tumbled up to 5 per cent",https://www.business-standard.com/article/markets/financial-stocks-decline-nifty-bank-dips-2-hdfc-bank-hdfc-skid-up-to-3-120071400326_1.html,2020-07-14 13:23:00
24,27 Jul 2020 | 8:12 AM IST,"Market Ahead, July 27: Top factors that could guide markets this week","This week, domestic equity markets will largely be steered by corporate earnings, developments on US-China relations front and Covid-19 trends",https://www.business-standard.com/podcast/markets/market-ahead-july-27-top-factors-that-could-guide-markets-this-week-120072700117_1.html,2020-07-27 08:12:00
24,30 Jul 2020 | 8:27 AM IST,"Market Ahead, July 30: All you need to know before the opening bell",The quarterly results announcement by Reliance Industries and HDFC will be the major market mover today. Analysts expect a dent in RIL's retail and energy verticals in the June quarter,https://www.business-standard.com/podcast/markets/market-ahead-july-30-all-you-need-to-know-before-the-opening-bell-120073000164_1.html,2020-07-30 08:27:00
24,30 Jul 2020 | 4:13 PM IST,"F&O Expiry: Financials drag indices, Sensex falls 335 pts; HDFC slips 4%",All that happened in the markets today,https://www.business-standard.com/article/markets/market-live-us-fed-sensex-nifty-bse-sgx-nifty-covid-19-ril-hdfc-120073000155_1.html,2020-07-30 16:13:00
24,30 Jul 2020 | 4:16 PM IST,"HDFC Q1 PAT dips 5% YoY to Rs 3,051 cr; Board approves to raise Rs 45K cr","The HFC's revenue from operations stood at Rs 13,017.68 crore for the quarter under review, compared Rs 12,990.29 crore earned in the previous year quarter",https://www.business-standard.com/article/companies/hdfc-q1-profit-dips-5-to-rs-3-051-cr-board-approves-to-raise-of-rs-45k-cr-120073000951_1.html,2020-07-30 16:16:00
24,30 Jul 2020 | 10:52 PM IST,"HDFC's pre-tax profit dips 9.5% to Rs 3,607 cr in Q1, NII at Rs 3,392 cr","Net profit of the lender was down 4.73 per cent to Rs 3,051.52 crore versus Rs 3,203.10 crore in the same period last year",https://www.business-standard.com/article/companies/hdfc-s-pre-tax-profit-dips-9-5-to-rs-3-607-cr-in-q1-nii-at-rs-3-392-cr-120073001464_1.html,2020-07-30 22:52:00
24,06 Aug 2020 | 1:19 AM IST,"HDFC to raise Rs 14,000 crore, fixes Rs 1,838 as floor price for QIP",Mortgage lender will use part of capital to fund inorganic opportunities and investments in existing group businesses,https://www.business-standard.com/article/finance/hdfc-to-raise-rs-14-000-crore-fixes-rs-1-838-as-floor-price-for-qip-120080600071_1.html,2020-08-06 01:19:00
24,06 Aug 2020 | 10:02 AM IST,"HDFC launches Rs 14,000 crore QIP at floor price of Rs 1,838; stock up 1.5%",The floor price is at a 3.5 per cent premium of Wednesday's close price. The company will use part of fresh capital for funding inorganic opportunities and investments in existing group businesses.,https://www.business-standard.com/article/markets/hdfc-launches-rs-14-000-crore-qip-at-floor-price-of-rs-1-838-stock-up-1-5-120080600285_1.html,2020-08-06 10:02:00
24,07 Aug 2020 | 12:02 PM IST,"HDFC Bank cuts MCLR by 10 bps across tenors, effective from today","After the rate reduction, its overnight MCLR stands reduced to 7%, while one-month MCLR is 7.05%, according to the HDFC Bank website",https://www.business-standard.com/article/finance/hdfc-bank-cuts-mclr-by-10-bps-across-tenors-effective-from-today-120080700500_1.html,2020-08-07 12:02:00
24,12 Aug 2020 | 4:16 PM IST,"Indices end flat, Sensex falls 37 pts; private banks, pharma stocks decline",All that happened in the markets today,https://www.business-standard.com/article/markets/market-live-sensex-nifty-bse-nse-sgx-nifty-covid-19-hdfc-irctc-120081200177_1.html,2020-08-12 16:16:00
24,15 Aug 2020 | 3:16 PM IST,"ICICI Bank raises Rs 15,000 cr in equity; issue price at Rs 358 per share",The issue price represents a 1.9 per cent premium to the floor price determined based on the pricing formula as prescribed under SEBI Regulations,https://www.business-standard.com/article/finance/icici-bank-raises-rs-15-000-cr-in-equity-issue-price-at-rs-358-per-share-120081500538_1.html,2020-08-15 15:16:00
24,17 Aug 2020 | 8:05 AM IST,"Robust foreign inflows, fundraising by banks help rupee fight August curse","ICICI Bank Ltd., Axis Bank Ltd. and mortgage lender HDFC Ltd. have raised a combined Rs 350 billion ($4.7 billion) this month",https://www.business-standard.com/article/markets/robust-foreign-inflows-fundraising-by-banks-help-rupee-fight-august-curse-120081700064_1.html,2020-08-17 08:05:00
24,03 Sep 2020 | 11:24 PM IST,LIC Housing: Equity infusion would be preferred over debt capital,"At 12 per cent tier-1 capital, the recent decision to raise Rs 50,500 crore of debt funds unlikely to address asset quality issues",https://www.business-standard.com/article/companies/lic-housing-equity-infusion-would-be-preferred-over-debt-capital-120090301368_1.html,2020-09-03 23:24:00
24,07 Sep 2020 | 12:04 AM IST,"HDFC clears Rs 47,000 cr loans to 200,000 home buyers under subsidy scheme","These homebuyers belong to the Economically Weaker Section, Low Income Group and Middle Income Groups, HDFC said in a statement",https://www.business-standard.com/article/finance/hdfc-clears-rs-47-000-cr-loans-to-200-000-home-buyers-under-subsidy-scheme-120090600624_1.html,2020-09-07 00:04:00
24,07 Sep 2020 | 9:58 PM IST,HDFC's all-time low core valuations offer an interesting proposition,"Trading at 1.3x price-to-book, the asking price of the mortgages business fails to capture some of the key developments",https://www.business-standard.com/article/finance/hdfc-s-all-time-low-core-valuations-offers-an-interesting-proposition-120090700475_1.html,2020-09-07 21:58:00
24,24 Sep 2020 | 4:01 PM IST,"F&O expiry: Sensex tanks 1,115 pts on global sell-off; Nifty ends at 10,806",All that happened in the markets today,https://www.business-standard.com/article/markets/market-live-markets-sensex-nifty-bse-nse-sgx-nifty-covid-19-hdfc-120092400214_1.html,2020-09-24 16:01:00
24,05 Oct 2020 | 11:51 PM IST,"Biz returning to pre-Covid levels, Sept strongest month in recovery: HDFC","The individual loan business has continued to see a month-on-month improvement in July-September 2020, HDFC Ltd said in a regulatory filing",https://www.business-standard.com/article/finance/biz-returning-to-pre-covid-levels-sept-strongest-month-in-recovery-hdfc-120100501278_1.html,2020-10-05 23:51:00
24,06 Oct 2020 | 3:56 PM IST,"MARKET WRAP: HDFC twins lift indices; Sensex up 601 pts, Nifty tops 11,650",All that happened in the markets today,https://www.business-standard.com/article/markets/market-live-markets-sensex-nifty-bse-nse-sgx-nifty-covid-19-hdfc-120100600155_1.html,2020-10-06 15:56:00
24,17 Oct 2020 | 12:57 AM IST,Chris Wood hikes allocation to Indian equities; raises stake in HDFC,"Among Indian stocks, besides HDFC, Wood also holds Reliance Industries (RIL), Maruti Suzuki, SBI Life Insurance, DLF and Cipla",https://www.business-standard.com/article/markets/chris-wood-hikes-allocation-to-indian-equities-raises-stake-in-hdfc-120101600336_1.html,2020-10-17 00:57:00
23,20 Oct 2020 | 11:34 PM IST,HDFC Bank has sufficient financial heft to withstand economic shocks: S&P,"The bank, according to the rating agency, has ample capital buffers, as reflected in its Tier-I capital ratio of 17.7 per cent as on September 30, 2020",https://www.business-standard.com/article/finance/hdfc-bank-has-suffiencent-financial-heft-to-withstand-economic-shocks-s-p-120102000452_1.html,2020-10-20 23:34:00
23,02 Nov 2020 | 8:08 AM IST,"HDFC Q2 PAT may dip up to 50% YoY, lower loan restructuring seen: Analysts","Absence of significant profit on investments, and low dividend income of Rs 320 crore YoY could optically make HDFC's pre-provisioning profit look modest, analysts say",https://www.business-standard.com/article/markets/hdfc-q2-pat-may-dip-up-to-50-yoy-lower-loan-restructuring-seen-analysts-120110200134_1.html,2020-11-02 08:08:00
23,02 Nov 2020 | 3:51 PM IST,"HDFC Q2 net profit tanks 28% YoY to Rs 2,870 crore, beats Street estimates","The numbers beat profit estimate, cheering investors. The stock soared to day's high of Rs 2,043 apiece on the BSE, up 6.2 per cent, as against 0.65 per cent rise in the benchmark S&P BSE Sensex",https://www.business-standard.com/article/markets/hdfc-q2-net-profit-tanks-28-yoy-to-rs-2-870-crore-beats-street-estimates-120110200794_1.html,2020-11-02 15:51:00
23,02 Nov 2020 | 3:58 PM IST,"HDFC Q2 consolidated net profit declines 57.5% to Rs 4,600 crore","Mortgage lender HDFC Ltd on Monday said its consolidated net profit declined by 57.5 per cent to Rs 4,600 crore in the July-September quarter of 2020-21",https://www.business-standard.com/article/companies/hdfc-q2-consolidated-net-profit-declines-57-5-to-rs-4-600-crore-120110200876_1.html,2020-11-02 15:58:00
23,02 Nov 2020 | 4:16 PM IST,MARKETS: Indices end choppy trade higher; Sensex up 144 pts; RIL sinks 9%,All that happened in the markets today,https://www.business-standard.com/article/markets/market-live-markets-sensex-nifty-bse-nse-sgx-nifty-ril-hdfc-ntpc-120110200133_1.html,2020-11-02 16:16:00
23,02 Nov 2020 | 5:37 PM IST,"Top headlines: HDFC Q2 profit tanks 28%, factory output hits decade high","From NIIF foraying into road and highway sector to HDFC Q2 profit declining, Business Standard brings you top news of the evening",https://www.business-standard.com/article/current-affairs/top-headlines-hdfc-q2-profit-tanks-28-factory-output-hits-decade-high-120110201143_1.html,2020-11-02 17:37:00
23,03 Nov 2020 | 12:42 AM IST,"HDFC net profit dips to Rs 2,870 cr in Q2, net interest income rises 21%","The Assets Under Management (AUM) rose 10.2 per cent to Rs 5,40,270 crore in Q2FY20 from Rs 4,90,072 crore in the previous year",https://www.business-standard.com/article/companies/hdfc-net-profit-dips-to-rs-2-870-cr-in-q2-net-interest-income-rises-21-120110201259_1.html,2020-11-03 00:42:00
23,09 Nov 2020 | 11:19 PM IST,HDFC reduces its retail prime lending rate on housing loans by 0.10%,The change will benefit all existing HDFC retail home loan customers,https://www.business-standard.com/article/finance/hdfc-reduces-its-retail-prime-lending-rate-on-housing-loans-by-0-10-120110901701_1.html,2020-11-09 23:19:00
23,10 Nov 2020 | 1:31 PM IST,"HDFC regains Rs 4 trillion m-cap; stock surges 6%, hits over 8-month high","At 01:01 pm, HDFC market capitalisation (market-cap) stood at Rs 4.11 trillion on the BSE.",https://www.business-standard.com/article/markets/hdfc-regains-rs-4-trillion-market-cap-stock-surges-6-hit-over-8-mth-high-120111000792_1.html,2020-11-10 13:31:00
23,27 Nov 2020 | 11:18 PM IST,What makes HDFC Ltd-HDFC Bank merger an attractive proposition now,Combined entity would be nearly half SBI's size and in an indisputable No 2 slot; cost of funds a hurdle though,https://www.business-standard.com/article/companies/what-makes-hdfc-ltd-hdfc-bank-merger-an-attractive-proposition-now-120112701232_1.html,2020-11-27 23:18:00
23,18 Dec 2020 | 12:51 AM IST,Indices' winning streak continues on US Fed stance; HDFC rises 2.9%,"After touching its lifetime intra-day high of 46,992.57, the Sensex settled 223.88 points or 0.48 per cent up at 46,890.34 - its new closing record",https://www.business-standard.com/article/markets/indices-winning-streak-continues-on-us-fed-stance-hdfc-rises-2-9-120121800019_1.html,2020-12-18 00:51:00
23,21 Dec 2020 | 10:21 PM IST,"HDFC, ICICI Bank and SBI, among top-10 lenders in 2020, says report","Google Pay and PhonePe were the top wallets among the customers, says Report",https://www.business-standard.com/article/finance/hdfc-icici-bank-and-sbi-among-top-10-lenders-in-2020-says-report-120122101229_1.html,2020-12-21 22:21:00
23,23 Dec 2020 | 8:05 PM IST,"HDFC's green housing retail loans cross Rs 14,000 cr across 310 buildings","The largest pureplay mortgage player HDFC, which on Wednesday signed a pact with the Indian Green Building Council (IGBC), said its green housing retail loan book has crossed the Rs 14,000-crore-mark across 310 certified green buildings.
The mortgage lender further said as much as 75 per cent of its lease rental discounting portfolio has green ratings.
As of December 23, 2020, we have disbursed over 14,000 crore of retails loans to home buyers in 310 certified green building projects, HDFC told a webinar announcing the tie-up with the IGBC to promote green housing and create awareness about and promote financing of green buildings.
Addressing the gathering, Amrit Abhijat, the joint secretary in the Union housing & urban development ministry, expressed confidence that the initiative, along with specifically designed lending policies, will go a long way in promoting green housing.
S K Hota, managing director of NHB, underlined the need for promoting and popularising green housing ...",https://www.business-standard.com/article/companies/hdfc-s-green-housing-retail-loans-cross-rs-14-000-cr-across-310-buildings-120122301125_1.html,2020-12-23 20:05:00
23,03 Jan 2021 | 10:09 PM IST,"Seven of top-10 firms add Rs 75,845 cr in m-cap; HDFC twins top gainers","Apart from HDFC duo, Tata Consultancy Services (TCS), Infosys, Kotak Mahindra Bank, ICICI Bank and Bajaj Finance were other gainers.",https://www.business-standard.com/article/companies/seven-of-top-10-firms-add-rs-75-845-cr-in-m-cap-hdfc-twins-top-gainers-121010300819_1.html,2021-01-03 22:09:00
23,05 Jan 2021 | 1:18 AM IST,"Nearly 40% components of Nifty50 change in a decade, shows data","Big names that are out of the index include BHEL, Sterlite Industries, Jindal Steel, Ambuja Cement, ACC, and SAIL",https://www.business-standard.com/article/markets/nearly-40-components-of-nifty50-change-in-a-decade-shows-data-121010500039_1.html,2021-01-05 01:18:00
23,05 Jan 2021 | 8:46 AM IST,"Stocks to watch: HDFC, DHFL, Bajaj Finance, Edelweiss Financial, IDBI Bank",MOIL will form JV with Gujarat Mineral Development Corporation for manganese ore mining JV in Gujarat,https://www.business-standard.com/article/markets/stocks-to-watch-hdfc-dhfl-bajaj-finance-edelweiss-financial-idbi-bank-121010500166_1.html,2021-01-05 08:46:00
23,05 Jan 2021 | 9:58 AM IST,"HDFC gains 2%, hits new high on healthy individual loan disbursement in Q3",HDFC reported a healthy 26 per cent YoY pick-up in individual loan disbursement during the October-December quarter,https://www.business-standard.com/article/markets/hdfc-gains-2-hit-new-high-on-healthy-individual-loan-disbursement-in-q3-121010500248_1.html,2021-01-05 09:58:00
23,05 Jan 2021 | 4:05 PM IST,HDFC's Q3 biz update confirms recovery; re-rating in HFCs likely: Analysts,"Housing sales have picked up in recent months as the economy slowly limps back to normalcy. Therefore, a strong recovery along with better margins could re-rate stocks in HFC sector, analysts say",https://www.business-standard.com/article/markets/hdfc-s-q3-biz-update-confirms-recovery-re-rating-in-hfcs-likely-analysts-121010500592_1.html,2021-01-05 16:05:00
23,05 Jan 2021 | 4:30 PM IST,"Sensex ends 261 pts up at record closing peak of 48,438; IT stocks outrun","Axis Bank ended the session as top Sensex gainers, up 6 per cent at close, followed by gains in HDFC (2.7 per cent), IndusInd Bank (2.7 per cent), and TCS (1.7 per cent)",https://www.business-standard.com/article/markets/market-live-sensex-nifty-markets-today-coronavirus-lockdown-dhfl-hdfc-nfl-121010500129_1.html,2021-01-05 16:30:00
23,06 Jan 2021 | 12:58 PM IST,"Stocks to watch: HDFC Bank, RIL, BPCL, Oil India, IndiGo, CSB Bank, GCPL","HDFC is planning to raise up to Rs 5,000 crore by issuing bonds on private placement basis",https://www.business-standard.com/article/markets/stocks-to-watch-hdfc-bank-ril-bpcl-oil-india-indigo-cbs-bank-gcpl-121010600196_1.html,2021-01-06 12:58:00
22,21 Jan 2021 | 10:39 AM IST,HDFC Ltd signs agreement to sell 24.48% stake in Good Host for Rs 232.81 cr,HDFC had acquired 25.01 per cent stake in Good Host in August 2018 for Rs 69.5 crore,https://www.business-standard.com/article/companies/hdfc-ltd-signs-agreement-to-sell-24-48-stake-in-good-host-for-rs-232-81-cr-121012100298_1.html,2021-01-21 10:39:00
22,25 Jan 2021 | 10:19 AM IST,"NBFC stocks in focus; Chola Investment, Shriram Transport rally up to 8%","In a discussion paper released on its website, the RBI has suggested a four-tier pyramid structure for the sector.",https://www.business-standard.com/article/markets/nbfc-stocks-in-focus-chola-investment-shriram-transport-rally-up-to-8-121012500227_1.html,2021-01-25 10:19:00
22,02 Feb 2021 | 8:48 AM IST,"Stocks to watch: Indigo Paints, Eicher Motors, HDFC, Coal India, PVR",State-owned Coal India's coal production declined by 4.1 per cent to 60.5 million tonne (MT) last month,https://www.business-standard.com/article/markets/stocks-to-watch-indigo-paints-eicher-motors-coal-india-hdfc-pvr-121020200179_1.html,2021-02-02 08:48:00
22,02 Feb 2021 | 3:31 PM IST,"HDFC Q3 standalone profit slips 65% YoY to Rs 2,926 cr, revenue tanks 42.2%","Its consolidated net profit, attributable to the owners, however, came in at Rs 5,176.76 crore for the quarter under review, clocking an improvement of 35 per cent on year",https://www.business-standard.com/article/companies/hdfc-q3-standalone-profit-slips-65-yoy-to-rs-2-926-cr-revenue-tanks-42-2-121020200896_1.html,2021-02-02 15:31:00
22,02 Feb 2021 | 4:52 PM IST,"Budget-rally extends on D-St; Sensex surges 1,197 pts; SBI up 6%, TaMo 17%","The Sensex index reclaimed the 50,000 level in intra-day deals and hit a high of 50,154",https://www.business-standard.com/article/markets/market-live-sensex-nifty-budget-2021-sitharaman-hdfc-banks-pvr-indigo-paint-121020200152_1.html,2021-02-02 16:52:00
22,02 Feb 2021 | 7:55 PM IST,Top stocks that are likely to benefit from FM's Budget proposals,"According to Phillip Capital increased allocation for capital expenditure will bode well for large banks, namely ICICI Bank, Axis Bank, HDFC Bank and State Bank of India",https://www.business-standard.com/article/markets/top-stocks-that-are-likely-to-benefit-from-fm-s-budget-proposals-121020200515_1.html,2021-02-02 19:55:00
22,03 Feb 2021 | 9:59 AM IST,HDFC's adjusted net profit up 27% in Q3,"Figure not comparable with Q3FY20, when it booked a fair value gain of over Rs 9,000 crore due to merger of Gruh Finance with Bandhan Bank",https://www.business-standard.com/article/companies/mortgage-lender-hdfc-s-dec-quarter-net-profit-down-65-at-rs-2-926-cr-121020201334_1.html,2021-02-03 09:59:00
22,03 Feb 2021 | 5:21 PM IST,HDFC jumps 4.4% from day's low; analysts see up to 26% upside post Q3 nos,"CLSA has raised its target price from Rs 2,850 on the back of strong beat on NII, improvement in net interest margin by 20 bps QoQ, and adequate provisioning of 1.4 per cent of AUM",https://www.business-standard.com/article/markets/hdfc-jumps-3-5-from-day-s-low-analysts-see-up-to-26-upside-post-q3-nos-121020300380_1.html,2021-02-03 17:21:00
22,04 Feb 2021 | 5:33 PM IST,"Top headlines: SBI Q3 profit slips 7%, US comments on farm laws, protests",Business Standard brings you top news of the day,https://www.business-standard.com/article/current-affairs/top-headlines-sbi-q3-profit-slips-7-m-m-recalls-1-577-thar-diesel-units-121020401403_1.html,2021-02-04 17:33:00
22,15 Feb 2021 | 1:54 PM IST,"Nomura, Morgan Stanley bet on these stocks as Nifty Bank hits new record","The Nifty Bank index, which was the top performing index on the National Stock Exchange (NSE), jumped nearly 730 points, or 2 per cent, in the intra-day deals to hit a new 36,837 levels",https://www.business-standard.com/article/markets/nomura-morgan-stanley-bet-on-these-stocks-as-nifty-bank-hits-new-record-121021500278_1.html,2021-02-15 13:54:00
22,17 Feb 2021 | 10:41 PM IST,Sensex extends losses amid global weakness; HDFC twins drag,Equity indices buckled under selling pressure for the second straight session on Wednesday as risk appetite remained subdued amid a bearish trend overseas,https://www.business-standard.com/article/markets/sensex-extends-losses-amid-global-weakness-hdfc-twins-drag-121021700879_1.html,2021-02-17 22:41:00
22,02 Mar 2021 | 12:00 AM IST,"HDFC Sec says tech glitch resolved, probe on to find root cause; ops normal",Leading stock exchanges NSE BSE said all their operations are functioning in a normal manner after HDFC Securities flagged that confirmations were not received for orders placed in NSE cash segment,https://www.business-standard.com/article/markets/hdfc-sec-says-tech-glitch-resolved-probe-on-to-find-root-cause-ops-normal-121030100438_1.html,2021-03-02 00:00:00
22,03 Mar 2021 | 6:08 PM IST,HDFC cuts key interest rate on home loans by 5 bps from March 4,The announcement comes close on the heels of SBI reducing interest rates on home loans,https://www.business-standard.com/article/finance/hdfc-reduces-lending-rate-on-housing-loans-by-5-basis-points-121030301005_1.html,2021-03-03 18:08:00
22,04 Mar 2021 | 12:43 AM IST,"Mortgage lender HDFC to raise up to Rs 5,000 crore through bonds",The firm will issue non convertible debentures (NCDs) on a private placement basis,https://www.business-standard.com/article/markets/mortgage-lender-hdfc-to-raise-up-to-rs-5-000-crore-through-bonds-121030300859_1.html,2021-03-04 00:43:00
22,04 Mar 2021 | 1:17 AM IST,"HDFC, LIC Hsg: Stick to sound HFCs as SBI cuts home loan rate, say analysts","Low home loan rates by banks could put large players in an advantageous position over smaller non-bank players, believe analysts",https://www.business-standard.com/article/markets/hdfc-lic-hsg-stick-to-sound-hfcs-as-sbi-cuts-home-loan-rate-say-analysts-121030300536_1.html,2021-03-04 01:17:00
22,04 Mar 2021 | 8:38 AM IST,"Stocks to watch: Adani Ports, Ircon Int'l, Airtel, HDFC, PNB Housing Fin",Bharti Airtel has raised $750 million through allotment of 'unsecured senior fixed rate notes' to eligible investors,https://www.business-standard.com/article/markets/stocks-to-watch-adani-ports-ircon-int-l-airtel-hdfc-pnb-housing-fin-121030400166_1.html,2021-03-04 08:38:00
22,04 Mar 2021 | 8:49 AM IST,"Nifty outlook & stock picks by Gaurav Garg: Buy HDFC, Datamatics Global","We can witness short-covering move along with addition of fresh position only if Nifty breaches 15,250",https://www.business-standard.com/article/markets/nifty-outlook-stock-picks-by-gaurav-garg-buy-hdfc-datamatics-global-121030400175_1.html,2021-03-04 08:49:00
22,16 Mar 2021 | 3:31 AM IST,Mutual funds continue to trim positions in heavyweights in February,Most large MFs remained underweight on banking and overweight on capital goods,https://www.business-standard.com/article/markets/mutual-funds-continue-to-trim-positions-in-heavyweights-in-february-121031600043_1.html,2021-03-16 03:31:00
22,01 Apr 2021 | 9:08 PM IST,HDFC increases rates on FD with different maturities up to 25 bps,Mortgage lender HDFC Ltd has increased interest rates on its various fixed deposit products having different maturities by up to 25 basis points (bps) with effect from March 30.,https://www.business-standard.com/article/finance/hdfc-increases-rates-on-fd-with-different-maturities-up-to-25-bps-121040101474_1.html,2021-04-01 21:08:00
22,03 Apr 2021 | 4:28 PM IST,Individual loan business continues to improve in January-March: HDFC,"Loans worth Rs 7,503 crore were assigned to its banking subsidiary.",https://www.business-standard.com/article/companies/individual-loan-business-continues-to-improve-in-january-march-hdfc-121040300425_1.html,2021-04-03 16:28:00
21,04 Apr 2021 | 11:28 PM IST,Eight of top-10 most valued firms add cumulatively over Rs 1.2 trn in m-cap,"The valuation of TCS jumped Rs 36,158.22 crore to reach Rs 11,71,082.67 crore",https://www.business-standard.com/article/markets/eight-of-top-10-most-valued-firms-add-cumulatively-over-rs-1-2-trn-in-m-cap-121040400144_1.html,2021-04-04 23:28:00
21,06 Apr 2021 | 2:27 AM IST,HDFC to acquire 10% stake in Kerala-based asset management firm,Mortgage lender HDFC Ltd on Monday said it will acquire 9.90 per cent stake in Kerala-based infrastructure fund management company KIFML.,https://www.business-standard.com/article/companies/hdfc-to-acquire-10-stake-in-kerala-based-asset-management-firm-121040501230_1.html,2021-04-06 02:27:00
21,06 Apr 2021 | 8:38 AM IST,"Stocks to watch: Ircon Int'l, Panacea Biotech, HDFC, JSPL, Burger King",Ircon International board approved the issue of bonus shares in the ratio of 1:1,https://www.business-standard.com/article/markets/stocks-to-watch-ircon-int-l-panacea-biotech-hdfc-jspl-burger-king-121040600178_1.html,2021-04-06 08:38:00
21,25 Apr 2021 | 11:21 PM IST,Fund Pick: HDFC Corporate Bond Fund is a consistent category outperformer,"The fund manager, Anupam Joshi, has over 12 years of experience and has been managing it since October 2015",https://www.business-standard.com/article/markets/fund-pick-hdfc-corporate-bond-fund-is-a-consistent-category-outperformer-121042500925_1.html,2021-04-25 23:21:00
21,06 May 2021 | 2:42 PM IST,HDFC Q4 preview: PAT may jump up to 50% YoY amid decline in provisions,"Global brokerage HSBC has upgraded HDFC to 'Buy' given its dominant market position and execution capabilities which, the brokerage says, should allow it to continue gaining market share",https://www.business-standard.com/article/markets/hdfc-q4-preview-pat-may-jump-up-to-50-yoy-amid-decline-in-provisions-121050600689_1.html,2021-05-06 14:42:00
21,07 May 2021 | 8:34 AM IST,"Stocks to watch: Hero MotoCorp, HDFC, Tata Consumer, Adani Power, UltraTech","UK-based fintech company, Infinity Circle, has selected Zensar Technologies for the end-to-end development of its next-gen wealth management platform",https://www.business-standard.com/article/markets/stocks-to-watch-hero-motocorp-hdfc-tata-consumer-adani-power-ultratech-121050700124_1.html,2021-05-07 08:34:00
21,07 May 2021 | 4:13 PM IST,"HDFC Q4 PAT up 42% YoY at Rs 3,180 cr; Board re-appoints Keki Mistry as MD",HDFC has recommended a final dividend of Rs 23 per equity share,https://www.business-standard.com/article/companies/hdfc-q4-pat-up-42-yoy-at-rs-3-180-cr-board-re-appoints-keki-mistry-as-md-121050700615_1.html,2021-05-07 16:13:00
21,07 May 2021 | 4:27 PM IST,"Sensex gains 257 pts, ends above 49K; Nifty holds 14,800; Nifty Metal up 5%","Tata Steel, Hindalco, JSW Steel, Adani Ports, SBI Life, M&M, and HDFC were the top Nifty gainers",https://www.business-standard.com/article/markets/market-live-markets-sgx-nifty-hdfc-ultratech-hero-motocorp-irb-infra-121050700107_1.html,2021-05-07 16:27:00
21,07 May 2021 | 11:02 PM IST,"HDFC beats the Street, post 42% net profit surge to Rs 3,180 cr in Q4","Board okays re-appointment of Keki Mistry as vice-chairman, CEO for 3 more years",https://www.business-standard.com/article/finance/hdfc-beats-the-street-post-42-net-profit-surge-to-rs-3-180-cr-in-q4-121050701499_1.html,2021-05-07 23:02:00
21,10 May 2021 | 2:48 PM IST,HDFC to sell 0.62% stake in HDFC ERGO for Rs 236 cr,The stake sale is being done in accordance with the direction of the Reserve Bank of India requiring HDFC to reduce its shareholding in HDFC ERGO to 50% or below.,https://www.business-standard.com/article/markets/lic-s-holding-in-listed-companies-at-all-time-low-on-profit-booking-121051000383_1.html,2021-05-10 14:48:00
21,11 May 2021 | 10:34 PM IST,"Sensex, Nifty snap 4-session rally amid global selloff; HDFC twins weigh","Profit-booking in banking, finance and metal counters further weighed on bourses, traders said",https://www.business-standard.com/article/markets/sensex-nifty-snap-4-session-rally-amid-global-selloff-hdfc-twins-weigh-121051101467_1.html,2021-05-11 22:34:00
21,25 May 2021 | 3:46 PM IST,HDFC further sells Reliance Infra shares worth over Rs 43 crore,The country's largest mortgage lender HDFC Ltd has sold further shares of Reliance Infrastructure worth over Rs 43 crore,https://www.business-standard.com/article/companies/hdfc-further-sells-reliance-infra-shares-worth-over-rs-43-crore-121052500850_1.html,2021-05-25 15:46:00
21,25 May 2021 | 8:58 PM IST,"HDFC to raise up to Rs 7,000 cr by issuing bonds on private placement basis","HDFC Ltd on Tuesday said it will raise up to Rs 7,000 crore by issuing bonds on private placement basis.",https://www.business-standard.com/article/finance/hdfc-to-raise-up-to-rs-7-000-cr-by-issuing-bonds-on-private-placement-basis-121052501422_1.html,2021-05-25 20:58:00
21,31 May 2021 | 12:31 PM IST,"HDFC & HDFC Bank, PNB & PNB Housing Fin: Strategies for 'twin' stocks","A Price-volume breakout above Rs 475 level, logged on May 31, may result in a rally towards Rs 550 and Rs 580-mark in PNB Housing Finance",https://www.business-standard.com/article/markets/hdfc-hdfc-bank-pnb-pnb-housing-fin-strategies-for-twin-stocks-121053100361_1.html,2021-05-31 12:31:00
21,09 Jun 2021 | 2:04 AM IST,"Sensex, Nifty end marginally lower; HDFC twins, Reliance Industries weigh","The 30-share BSE Sensex slipped 52.94 points or 0.10 per cent to 52,275.57. The broader NSE Nifty declined 11.55 points or 0.07 per cent to 15,740.10",https://www.business-standard.com/article/markets/sensex-nifty-end-marginally-lower-hdfc-twins-reliance-industries-weigh-121060900065_1.html,2021-06-09 02:04:00
21,13 Jun 2021 | 9:45 PM IST,"SBI Life, HDFC twins topped equity fund managers' buy list in May","SBI Life Insurance, HDFC and HDFC Bank attracted maximum inflows from mutual funds",https://www.business-standard.com/article/markets/sbi-life-hdfc-twins-topped-equity-fund-managers-buy-list-in-may-121061300824_1.html,2021-06-13 21:45:00
21,16 Jun 2021 | 11:17 PM IST,"Market cautious on HFCs; concerns over growth, asset quality weigh",The major players all seem confident of fast revival in demand once conditions normalise,https://www.business-standard.com/article/companies/market-cautious-on-hfcs-concerns-over-growth-asset-quality-weigh-121061601496_1.html,2021-06-16 23:17:00
21,05 Jul 2021 | 8:54 AM IST,"Stocks to watch: India Pesticides, HDFC, Avenue Supermarts, HCL Tech, ONGC",Commercial vehicle major Ashok Leyland on Friday said it has appointed former Aston Martin chief Andy Palmer as Executive Vice Chairman and CEO of its electric vehicle arm Switch Mobility,https://www.business-standard.com/article/markets/stocks-to-watch-india-pesticides-hdfc-avenue-supermarts-hcl-tech-ongc-121070500119_1.html,2021-07-05 08:54:00
21,05 Jul 2021 | 11:53 PM IST,"Markets extend gains for the second day; RIL, HDFC duo lead charge","A surging rupee, which snapped its four-day losing streak, also boosted the bulls, traders said",https://www.business-standard.com/article/markets/markets-extend-gains-for-the-second-day-ril-hdfc-duo-lead-charge-121070501526_1.html,2021-07-05 23:53:00
21,07 Jul 2021 | 8:39 AM IST,"Stocks to watch: Titan, RBL Bank, NMDC, HDFC, Gillette India, Sobha",The National Housing Bank has imposed a monetary penalty on HDFC of Rs 4.75 lakh for non-compliance with certain provisions,https://www.business-standard.com/article/markets/stocks-to-watch-titan-rbl-bank-nmdc-hdfc-gillette-india-sobha-121070700152_1.html,2021-07-07 08:39:00
20,08 Jul 2021 | 8:48 AM IST,"Stocks to watch: TCS, Shyam Metalics, Tata Motors, PNB Housing, HDFC","JK Tyre & Industries, on Wednesday, said it has widened its original equipment manufacturer (OEM) supply to Hyundai Motor India",https://www.business-standard.com/article/markets/stocks-to-watch-tcs-shyam-metalics-tata-motors-pnb-housing-hdfc-121070800168_1.html,2021-07-08 08:48:00
20,19 Jul 2021 | 12:37 PM IST,Private lenders seen trouncing state peers in India's economic recovery,Many shareholders will be on the lookout for indications that private lenders have enhanced already stronger buffers to give them more wiggle room to step up lending in an eventual recovery,https://www.business-standard.com/article/finance/private-lenders-seen-trouncing-state-peers-in-india-s-economic-recovery-121071900316_1.html,2021-07-19 12:37:00
20,20 Jul 2021 | 11:39 PM IST,"India's economic fundamentals strong, recovery underway, says Deepak Parekh","Weak credit growth, however, remains the key laggard",https://www.business-standard.com/article/economy-policy/economic-fundamentals-strong-recovery-underway-says-deepak-parekh-121072000462_1.html,2021-07-20 23:39:00
20,26 Jul 2021 | 12:15 AM IST,IFC lends $250 million to HDFC Ltd to boost green housing finance,"Green housing is regarded as a luxury market in the country, but has climate benefits. IFC said its partnership with HDFC would help change perceptions about the market.",https://www.business-standard.com/article/companies/ifc-lends-250-million-to-hdfc-ltd-to-boost-green-housing-finance-121072500351_1.html,2021-07-26 00:15:00
20,28 Jul 2021 | 11:26 PM IST,HDFC enhances existing limit to borrow via medium-term bonds up to $2.8 bn,"The country's largest mortgage lender HDFC Ltd on Wednesday said it has enhanced its existing limit to raise capital through medium-term notes to up to USD 2.8 billion (about Rs 20,875.65 crore).",https://www.business-standard.com/article/finance/hdfc-enhances-existing-limit-to-borrow-via-medium-term-bonds-up-to-2-8-bn-121072801844_1.html,2021-07-28 23:26:00
20,02 Aug 2021 | 8:49 AM IST,"Stocks to watch: HDFC, Adani Entp, IDFC First, Bandhan Bank, auto stocks","Hindalco Industries is planning to invest around Rs 8,000-10,000 crore in Hirakud, Silvassa and Mundra plants",https://www.business-standard.com/article/markets/stocks-to-watch-hdfc-adani-entp-idfc-first-bandhan-bank-auto-stocks-121080200108_1.html,2021-08-02 08:49:00
20,02 Aug 2021 | 11:54 AM IST,"HDFC Q1 profit falls 2% YoY to Rs 3,001 cr, misses estimates; NII up 22%","The number missed Street expectation, which had estimated up to 9 per cent YoY rise in PAT",https://www.business-standard.com/article/companies/hdfc-q1-profit-falls-2-yoy-to-rs-3-001-cr-misses-estimates-nii-up-22-121080200373_1.html,2021-08-02 11:54:00
20,02 Aug 2021 | 4:05 PM IST,"Sensex up 364 pts, Nifty tops 15,850; auto, IT, realty stocks march ahead","In the broader markets, both, the BSE MidCap and SamllCap indices hit record highs of 23,342 and 27,106, respectively earlier in the trade",https://www.business-standard.com/article/markets/market-live-sensex-nifty-auto-sales-pmi-hdfc-britannia-q1-results-121080200089_1.html,2021-08-02 16:05:00
20,02 Aug 2021 | 11:06 PM IST,"HDFC Q1 net flat at Rs 3,001 crore; individual home loans grow 22%",Company says said the profit numbers for Q1Fy22 are comparable with that of the previous year for reasons including higher effective tax rate.,https://www.business-standard.com/article/companies/hdfc-q1-net-flat-at-rs-3-001-crore-individual-home-loans-grow-22-121080200470_1.html,2021-08-02 23:06:00
20,03 Aug 2021 | 1:52 AM IST,"HDFC's bad loans increase in June quarter, but there's a silver lining","Growth trends still strong; it is well-capitalised, provision coverage is high",https://www.business-standard.com/article/companies/hdfc-s-bad-loans-increase-in-june-quarter-but-there-s-a-silver-lining-121080300067_1.html,2021-08-03 01:52:00
20,04 Aug 2021 | 10:10 AM IST,HDFC gains 9% in three days on steady performance in June quarter,"The funding advantage and adequate capital will aid growth and earnings while healthy provision buffer and improvement in collection will aid asset quality, analysts said",https://www.business-standard.com/article/markets/hdfc-gains-9-in-three-days-on-steady-performance-in-june-quarter-121080400288_1.html,2021-08-04 10:10:00
20,05 Aug 2021 | 1:36 AM IST,Sensex atop Mt 54K amid FPIs' renewed appetite; HDFC rises 4.8%,"Renewed optimism around the domestic economic outlook, following an improvement in high-frequency indicators underpinned more than 3 per cent jump this week, so far",https://www.business-standard.com/article/markets/sensex-atop-mt-54k-amid-fpis-renewed-appetite-hdfc-rises-4-8-121080500058_1.html,2021-08-05 01:36:00
20,05 Aug 2021 | 5:39 PM IST,"Bank Nifty adjustment on Friday, several stocks likely to see churn","HDFC Bank, IndusInd Bank and AU Small Finance Bank to see highest inflows due to increase in weightage; SBI, ICICI Bank and Kotak Mahindra Bank may see highest outflows",https://www.business-standard.com/article/markets/bank-nifty-adjustment-on-friday-several-stocks-likely-to-see-churn-121080501114_1.html,2021-08-05 17:39:00
20,16 Aug 2021 | 10:41 PM IST,HDFC launches 'green and sustainable' deposits programme for retail clients,"HDFC Ltd said individuals can earn interest at 6.55 per cent on their deposits, whose period can range from 3-10 years",https://www.business-standard.com/article/finance/hdfc-launches-green-and-sustainable-deposits-programme-for-retail-clients-121081601698_1.html,2021-08-16 22:41:00
20,18 Aug 2021 | 10:41 AM IST,HDFC Bank shares gain as RBI lifts curbs on new credit card issuances,"Shares of HDFC Bank on Wednesday rose nearly two per cent in early trade as investors cheered the Reserve Bank's decision to allow the lender to issue new credit cards.
With the lifting of the eight-month-long ban on HDFC Bank with respect to selling new credit cards, its shares climbed 1.61 per cent to Rs 1,539.10 apiece after opening at Rs 1,550.
The scrip touched an intra-day high of Rs 1,564.75 apiece on the BSE. The market capitalisation stood at Rs 8,51,282.53 crore.
On the NSE too, similar trends were witnessed as the shares gained 1.60 per cent to Rs 1,538.95 and reached an intra-day high of Rs 1,565.35. The scrip opened at Rs 1,556.70 apiece.
In a regulatory filing on Wednesday, HDFC Bank said the Reserve Bank of India (RBI), through its letter dated August 17, has relaxed the restriction placed on sourcing of new credit cards.
The central bank had issued orders in December and February to HDFC Bank on certain incidents of outages in the internet banking /mobile banking/",https://www.business-standard.com/article/finance/hdfc-bank-shares-gain-as-rbi-lifts-curbs-on-new-credit-card-issuances-121081800272_1.html,2021-08-18 10:41:00
20,19 Aug 2021 | 1:49 AM IST,Lifting of credit card ban may spark up to 32% rally in HDFC Bank: Analysts,"The scrip surged 3 per cent at Rs 1,564.75 on the BSE in intra-day trade on Wednesday and was among the top gainers on the BSE barometer",https://www.business-standard.com/article/markets/lifting-of-credit-card-ban-may-spark-up-to-32-rally-in-hdfc-bank-analysts-121081800347_1.html,2021-08-19 01:49:00
20,08 Sep 2021 | 2:05 AM IST,"HDFC hits 7-month high on realty boom, inches towards record high","The stock hit a seven-month high of Rs 2,852, and is less than 2 per cent away from its record high level of Rs 2,895",https://www.business-standard.com/article/markets/hdfc-hits-7-month-high-on-realty-boom-inches-towards-record-high-121090700776_1.html,2021-09-08 02:05:00
20,21 Sep 2021 | 6:22 PM IST,HDFC launches festive offer; home loan starting from 6.7%,Country's biggest mortgage lender HDFC on Tuesday announced a festive offer in line with peers like SBI with home loans starting from 6.70 per cent.,https://www.business-standard.com/article/finance/hdfc-launches-festive-offer-home-loan-starting-from-6-7-121092100392_1.html,2021-09-21 18:22:00
20,25 Sep 2021 | 2:12 AM IST,"Market yet to respond to rate cuts on home loans, share prices unaffected",Lower rates to aid loan demand for financiers who can offset discounts over the long tenure,https://www.business-standard.com/article/markets/market-yet-to-respond-to-rate-cuts-on-home-loans-share-prices-unaffected-121092300159_1.html,2021-09-25 02:12:00
20,25 Sep 2021 | 4:45 PM IST,HDFC sells part of invoked shares of Ansal Housing to recover dues,"Housing Development Finance Corporation Ltd (HDFC) on Saturday said it has sold a part of the shares, invoked by it of Ansal Housing, to recover its dues.
In August, HDFC had invoked 46,20,000 shares of Ansal Housing Limited (Ansal) aggregating 7.78 per cent of the paid-up share capital, for recovery of part outstanding dues against loans availed by pledgers/borrowers.
""In this connection, we wish to inform you that out of this, the Corporation has in aggregate sold 12,67,504 shares, representing 2.13 per cent of the paid-up share capital of Ansal, including 1,57,939 shares representing 0.27 per cent of the paid-up share capital of Ansal which were sold on September 24, 2021,"" HDFC said in a regulatory filing.",https://www.business-standard.com/article/companies/hdfc-sells-part-of-invoked-shares-of-ansal-housing-to-recover-dues-121092500698_1.html,2021-09-25 16:45:00
19,27 Sep 2021 | 6:49 PM IST,"HDFC plans Rs 6,000 crore bond issue to shore up long-term resources","The bids for subscription will open on September 29, 2021, and close on the same day",https://www.business-standard.com/article/markets/mortgage-lender-hdfc-plans-to-raise-rs-6-000-crore-through-bonds-121092700888_1.html,2021-09-27 18:49:00
19,01 Oct 2021 | 7:17 PM IST,HDFC Bank's additional masala bonds get listed on NSE IFSC's platform,"NSE International Exchange (NSE IFSC) on Friday said it has listed HDFC Bank's additional masala bonds on its debt securities market platform.
NSE IFSC is a wholly-owned subsidiary of the National Stock Exchange (NSE).
The private lender's additional Tier 1 (AT1) masala bonds got listed on the debt securities market platform.
""HDFC Bank has raised Rs 739 crores under USD 3 Billion Medium Term Note Programme,"" NSE IFSC said in a release.
Since the launch of NSE IFSC Debt Securities Market (DSM), it has listed total aggregate medium-term notes worth over USD 31 billion and listed bonds worth more than USD 17 billion, it added.
This also includes USD 1.75 billion worth of green and sustainable bonds.
NSE IFSC launched DSM for listing and trading of debt securities in multiple foreign currency bonds, green bonds, masala bonds, notes, among others, on March 16, 2018.",https://www.business-standard.com/article/markets/hdfc-bank-s-additional-masala-bonds-get-listed-on-nse-ifsc-s-platform-121100100951_1.html,2021-10-01 19:17:00
19,29 Oct 2021 | 8:08 AM IST,"Here's why Osho Krishan recommends HDFC, L&T Technology Services","According to the technical analyst from Anand Rathi, both the stocks are placed well on a risk-reward ratio from a short to medium-term perspective",https://www.business-standard.com/article/markets/here-s-why-osho-krishan-recommends-hdfc-l-t-technology-services-121102900156_1.html,2021-10-29 08:08:00
19,01 Nov 2021 | 8:30 AM IST,"Stocks to Watch: IRCTC, HDFC, RIL, SCI, Tata Motors, Vedanta, Godrej Group",Plenty of stocks are set to react to September quarter earnings by corporate over the weekend this morning,https://www.business-standard.com/article/markets/stocks-to-watch-irctc-hdfc-ril-sci-tata-motors-vedanta-sail-vedanta-121110100136_1.html,2021-11-01 08:30:00
19,01 Nov 2021 | 10:43 AM IST,From RIL to Berger Paints: Brokerages bet on these stocks for Samvat 2078,Here's a list of stocks recommended by top brokerage and research firms that can help you build your portfolio this Diwali,https://www.business-standard.com/article/markets/from-ril-to-berger-paints-brokerages-bet-on-these-stocks-for-samvat-2078-121110100145_1.html,2021-11-01 10:43:00
19,01 Nov 2021 | 3:32 PM IST,"HDFC second quarter net profit rises 32% to Rs 3,780 crore","HDFC scrip was trading at Rs 2,901.35 apiece on BSE, up 2.02 per cent from the previous close",https://www.business-standard.com/article/companies/hdfc-second-quarter-net-profit-rises-32-to-rs-3-780-crore-121110100835_1.html,2021-11-01 15:32:00
19,02 Nov 2021 | 1:01 AM IST,"HDFC Ltd's Sept qtr net up 32% to Rs 3,780 cr on spike in dividend income","The lender's revenue from operations rose 4% YoY to Rs 12,216 crore in the reporting quarter while NII was up 13% to Rs 4,109 crore in Q2",https://www.business-standard.com/article/companies/hdfc-ltd-s-sept-qtr-net-up-32-to-rs-3-780-cr-on-spike-in-dividend-income-121110101008_1.html,2021-11-02 01:01:00
19,02 Nov 2021 | 8:34 AM IST,"Stocks to Watch: Airtel, Dabur, Sun Pharma, HDFC, IRCTC, Steel, Gold stocks","Gold and steel related stocks are likely to hog the limelight in trades on Tuesday. The former on the account of Dhanteras, while the latter owing to hike in steel prices",https://www.business-standard.com/article/markets/stocks-to-watch-airtel-dabur-sun-pharma-hdfc-irctc-steel-gold-stocks-121110200208_1.html,2021-11-02 08:34:00
19,25 Nov 2021 | 8:43 PM IST,"HDFC to raise up to Rs 10,000 cr next week via bonds","The bonds, rated AAA by Crisil and ICRA, carry coupon rate of 7.05% per annum",https://www.business-standard.com/article/companies/hdfc-to-raise-up-to-rs-10-000-cr-next-week-via-bonds-121112501344_1.html,2021-11-25 20:43:00
19,17 Dec 2021 | 7:26 PM IST,"HDFC Bank's MSME loan book in Tamil Nadu breaches Rs 20,000 crore","The bank was the second largest bank in the state with a market share of over 10 per cent, it said",https://www.business-standard.com/article/companies/hdfc-bank-s-msme-loan-book-in-tamil-nadu-breaches-rs-20-000-crore-121121701016_1.html,2021-12-17 19:26:00
19,04 Jan 2022 | 1:04 AM IST,"Home loans assigned by HDFC to HDFC Bank in Q3 up marginally at Rs 7,468 cr","The mortgage lender keeps liquidity buffers worth Rs 55,000 cr",https://www.business-standard.com/article/finance/home-loans-assigned-by-hdfc-to-hdfc-bank-in-q3-up-marginally-at-rs-7-468-cr-122010301173_1.html,2022-01-04 01:04:00
19,04 Jan 2022 | 6:18 PM IST,"SBI, ICICI, HDFC Bank continue to remain systemically important banks: RBI",Such banks are perceived as 'too big to fail',https://www.business-standard.com/article/finance/sbi-icici-hdfc-bank-continue-to-remain-systemically-important-banks-rbi-122010401095_1.html,2022-01-04 18:18:00
19,23 Jan 2022 | 11:31 PM IST,"CLSA upgrades HDFC, Nippon Life India AMCs from 'outperform' to 'buy'","CLSA believes domestic AMCs will have huge growth potential, given the huge underpenetration of MFs in the country",https://www.business-standard.com/article/markets/clsa-upgrades-hdfc-nippon-life-india-amcs-from-outperform-to-buy-122012301090_1.html,2022-01-23 23:31:00
19,02 Feb 2022 | 3:06 PM IST,"HDFC Q3 results: Net profit rises 11% to Rs 3,261 cr","Net interest income rose 5% to Rs 4,284 cr",https://www.business-standard.com/article/companies/hdfc-q3-results-net-profit-rises-11-to-rs-3-261-cr-122020200743_1.html,2022-02-02 15:06:00
19,02 Feb 2022 | 4:05 PM IST,"Sensex ends 696 pts higher, Nifty above 17,750; PSU Bank index up 3%",Financial stocks were the show-stoppers today as six of the top 10 Sensex contributors were either banks or NBFCs,https://www.business-standard.com/article/markets/market-live-sensex-nifty-sgx-nifty-tech-mahindra-adani-ports-hdfc-122020200139_1.html,2022-02-02 16:05:00
19,02 Feb 2022 | 5:28 PM IST,Top headlines: Budget 2022 sparks concerns on inflation; HDFC Q3 net up 11%,Business Standard brings you the top headlines on Wednesday,https://www.business-standard.com/article/companies/top-headlines-budget-2022-sparks-concerns-on-inflation-hdfc-q3-net-up-11-122020201160_1.html,2022-02-02 17:28:00
19,02 Feb 2022 | 11:02 PM IST,"HDFC Ltd's Q3 net up 11% YoY to Rs 3,261 cr, beats street estimates","Higher income and lower-than-expected credit loss cited for better show; NII up 7% to Rs 4,284 crore",https://www.business-standard.com/article/companies/hdfc-ltd-s-q3-net-up-11-yoy-to-rs-3-261-cr-beats-street-estimates-122020201054_1.html,2022-02-02 23:02:00
19,03 Feb 2022 | 12:53 AM IST,HDFC stock could see some re-rating following encouraging Q3 show,Strong demand for home loans and improved collection efficiency augur well,https://www.business-standard.com/article/companies/hdfc-stock-could-see-some-re-rating-following-encouraging-q3-show-122020201465_1.html,2022-02-03 00:53:00
19,03 Feb 2022 | 3:41 PM IST,"Sensex snaps 3-day winning run, ends 770 pts down; Nifty tops 17,750","Among sectors, all the key indices ended in the red, led by the Nifty IT index (down 2 per cent) and the Nifty Realty index (down 1.7 per cent). Nifty Auto index was the only gainer, up 0.4 per cent.",https://www.business-standard.com/article/markets/market-live-sensex-nifty-sgx-nifty-itc-lupin-titan-pnb-tata-consumer-122020300145_1.html,2022-02-03 15:41:00
19,07 Feb 2022 | 2:51 PM IST,HDFC Group shares falter: HDFC at 6-month low; HDFC Life hits 52-week low,"HDFC, HDFC Bank, HDFC AMC and HDFC Life were underperforming the market by falling in the range of 3 per cent to 4 per as against a 1.7 per ent decline in the S&P BSE Sensex.",https://www.business-standard.com/article/markets/hdfc-group-shares-falter-hdfc-at-6-month-low-hdfc-life-hits-52-week-low-122020700860_1.html,2022-02-07 14:51:00
18,14 Feb 2022 | 10:08 AM IST,"HDFC slips 4%, hits 52-week low; down 11% in 8-days post Q3 results","The company had recently reported a 11 per cent jump in net profit at Rs 3,261 crore, on the back of higher income and lower-than-expected credit loss.",https://www.business-standard.com/article/markets/hdfc-slips-4-hits-52-week-low-down-11-in-8-days-post-q3-results-122021400291_1.html,2022-02-14 10:08:00
18,09 Mar 2022 | 12:11 AM IST,"HDFC raises Rs 10,000 crore through debentures at 7.18%","Given the high standing of the company, the pricing was fine at 7.18 per cent, said bond dealers, adding that initial indication was 7.25-7.30 per cent on the yield.",https://www.business-standard.com/article/companies/hdfc-raises-rs-10-000-crore-through-debentures-at-7-18-122030900008_1.html,2022-03-09 00:11:00
18,20 Mar 2022 | 10:02 PM IST,Market cap of 10 most valued companies increases by over Rs 2.72 trn,"Reliance Industries' m-cap swelled by Rs 54,904.27 crore to Rs 16,77,447.33 crore last week.",https://www.business-standard.com/article/companies/market-cap-of-10-most-valued-companies-increases-by-over-rs-2-72-trn-122032000186_1.html,2022-03-20 22:02:00
18,22 Mar 2022 | 11:46 PM IST,"Infy tops list of firms with strongest ESG scores, followed by M&M, Tech M","Overall, India's rank is 120 on the world Sustainable Development Goals (SDG) index with Finland topping the tables",https://www.business-standard.com/article/companies/infy-tops-list-of-firms-with-strongest-esg-scores-followed-by-m-m-tech-m-122032200350_1.html,2022-03-22 23:46:00
18,23 Mar 2022 | 11:03 PM IST,HDFC approves retail home loans to the tune of Rs 2 trillion in FY22,The demand for housing loans is being driven by first time homeowners as well as by those who are looking to move up the property ladder.,https://www.business-standard.com/article/companies/hdfc-approves-retail-home-loans-to-the-tune-of-rs-2-trillion-in-fy22-122032300611_1.html,2022-03-23 23:03:00
18,28 Mar 2022 | 11:14 PM IST,"Heavyweights pull Nifty, Sensex out of the red; Bharti Airtel rises 3.4%","After falling 537.11 points to a low of 56,825.09 in morning trade, the 30-share BSE barometer staged a recovery in afternoon trade and climbed 231.29 points or 0.40 per cent to settle at 57,593.49",https://www.business-standard.com/article/markets/heavyweights-pull-nifty-sensex-out-of-the-red-bharti-airtel-rises-3-4-122032801476_1.html,2022-03-28 23:14:00
18,30 Mar 2022 | 10:47 PM IST,Sebi disposes of show cause notice issued to HDFC,"Markets regulator Sebi on Wednesday disposed of a show cause notice that was issued to Housing Development & Finance Corporation (HDFC) with respect to alleged violations of share transfer agent norms.
The watchdog had conducted an inspection of HDFC, which was registered with the regulator as Category II Registrar to an Issue and Share Transfer Agent, on September 30 to October 9, 2019, for the period April 1, 2018 to July 30, 2019.
It was alleged that HDFC had violated certain provisions of listing obligations and disclosure requirements regulations and/or norms pertaining to Registrars to an Issue and Share Transfer Agents.
Passing an order on Wednesday, Sebi's Adjudicating Officer Geetha G said that no monetary penalty is warranted in respect of the allegations levelled in the instant matter and disposed of the show cause notice that was issued in December 2021.
According to the order, out of the allegations made in the show cause notice, the noticee (HDFC) was in violation of",https://www.business-standard.com/article/markets/sebi-disposes-of-show-cause-notice-issued-to-hdfc-122033001560_1.html,2022-03-30 22:47:00
18,01 Apr 2022 | 9:28 PM IST,"HDFC registers individual loan growth of 12% in Q4 at Rs 8,367 crore","During the March quarter, there was no sale of investments in subsidiary/associate companies, as per the filing",https://www.business-standard.com/article/companies/hdfc-registers-individual-loan-growth-of-12-in-q4-at-rs-8-367-crore-122040101434_1.html,2022-04-01 21:28:00
18,04 Apr 2022 | 9:46 AM IST,"HDFC Bank, HDFC rally up to 10% as board approves merger",The share exchange ratio for the amalgamation of HDFC with and into HDFC Bank shall be 42 equity shares of face value of Re 1 each of HDFC Bank for every 25 equity shares of face value of Rs 2 of HDFC,https://www.business-standard.com/article/markets/hdfc-bank-hdfc-rally-up-to-10-as-board-approves-merger-122040400185_1.html,2022-04-04 09:46:00
18,04 Apr 2022 | 9:53 AM IST,HDFC Bank and mortgage lender HDFC Ltd to merge,The HDFC Bank and HDFC Ltd. merger is expected to be completed by Q2/Q3 of FY24,https://www.business-standard.com/article/companies/hdfc-bank-and-mortgage-lender-hdfc-ltd-to-merge-122040400177_1.html,2022-04-04 09:53:00
18,04 Apr 2022 | 3:41 PM IST,"Sensex sprints 1,335 points, Nifty tops 18,050; HDFC twins jump up to 10%","CLOSING BELL: Besides, Kotak Bank, HUL, IndusInd Bank, Tata Steel, L&T, and Sun Pharma were the other top gainers",https://www.business-standard.com/article/markets/market-live-sensex-nifty-russia-ukraine-oil-prices-sgx-nifty-ioc-it-122040400127_1.html,2022-04-04 15:41:00
18,04 Apr 2022 | 9:29 PM IST,"HDFC, HDFC Bank combined m-cap topples TCS' on merger announcement","Mirroring the rally in the stock, market capitalisation of HDFC zoomed to Rs 4,85,691.18 crore",https://www.business-standard.com/article/companies/hdfc-hdfc-bank-combined-m-cap-topples-tcs-on-merger-announcement-122040400961_1.html,2022-04-04 21:29:00
18,04 Apr 2022 | 9:30 PM IST,"Merger to unlock value for HDFC Bank, positive for macro economy: Brokerage","The merged entity could become the highest weightage single company in the Nifty 50 basket, the brokerage house said.",https://www.business-standard.com/article/companies/merger-to-unlock-value-for-hdfc-positive-for-macro-economy-brokerage-firm-122040400657_1.html,2022-04-04 21:30:00
18,04 Apr 2022 | 9:37 PM IST,HDFC chairman Deepak Parekh explains what led to the mega merger,Parekh said he is confident that the regulators will approve the merger scheme announced earlier in the day,https://www.business-standard.com/article/companies/rule-harmonisation-between-nbfcs-banks-decreasing-regulatory-arbitrage-led-to-merger-parekh-122040400528_1.html,2022-04-04 21:37:00
18,04 Apr 2022 | 9:37 PM IST,"HDFC, HDFC Bank merger may get regulatory approvals in 15-18 months: Parekh","""It will take about 15 to 18 months. We are quite hopeful that we will get the approvals from the regulators,"" Parekh said",https://www.business-standard.com/article/companies/hdfc-hdfc-bank-merger-may-get-regulatory-approvals-in-15-18-months-parekh-122040400486_1.html,2022-04-04 21:37:00
18,04 Apr 2022 | 9:43 PM IST,"HDFC's merger to be booster shot for HDFC Bank, diversify its revenues: S&P",Profitability could to take hit in the short run,https://www.business-standard.com/article/finance/hdfc-s-merger-to-be-booster-shot-for-hdfc-bank-diversify-its-revenues-s-p-122040400749_1.html,2022-04-04 21:43:00
18,04 Apr 2022 | 11:22 PM IST,"Merged HDFC Bank may not make it to MSCI, FTSE indices, say analysts","There is a risk index trackers may have to sell HDFC, which is part of global indices currently",https://www.business-standard.com/article/markets/merged-hdfc-bank-may-not-make-to-msci-ftse-indices-say-analysts-122040400683_1.html,2022-04-04 23:22:00
18,04 Apr 2022 | 11:27 PM IST,HDFC-HDFC Bank merger: Higher weight in index may impact large-cap schemes,Weight of combined entity in indices is expected to be about 14%; schemes may have to remain underweight on the stock as the single stock exposure in portfolio has to be capped at 10%,https://www.business-standard.com/article/markets/hdfc-hdfc-bank-merger-higher-weight-in-index-may-impact-large-cap-schemes-122040400902_1.html,2022-04-04 23:27:00
18,04 Apr 2022 | 11:36 PM IST,"HDFC, HDFC Bank merger: Analysts see banking industry consolidating","The banking sector, according to analysts at ICICI Securities, has been underperforming at the bourses against the overall market in the last six months largely due to credit growth concerns",https://www.business-standard.com/article/markets/hdfc-hdfc-bank-merger-analysts-see-banking-industry-consolidating-122040400339_1.html,2022-04-04 23:36:00
18,04 Apr 2022 | 11:43 PM IST,HDFC twins merge in $40-billion deal: The making of a behemoth,"The merged entity would be the second-biggest in terms of m-cap (Rs 14.05 trillion), ahead of TCS but behind RIL",https://www.business-standard.com/article/companies/hdfc-twins-merge-in-40-billion-deal-the-making-of-a-behemoth-122040401337_1.html,2022-04-04 23:43:00
17,04 Apr 2022 | 11:50 PM IST,Banking on efficiency,HDFC Bank will benefit from higher scale,https://www.business-standard.com/article/opinion/banking-on-efficiency-122040401400_1.html,2022-04-04 23:50:00
17,05 Apr 2022 | 12:59 AM IST,"HDFC-HDFC Bank merger powers D-Street: Sensex, Nifty50 jump over 2%",The frontline indices jumped more than 2 per cent on Monday as the announcement of the plan to merge HDFC into HDFC Bank set their stocks soaring,https://www.business-standard.com/article/markets/hdfc-hdfc-bank-merger-powers-d-street-sensex-nifty50-jump-over-2-122040500036_1.html,2022-04-05 00:59:00
17,05 Apr 2022 | 2:02 AM IST,HDFC twins merge in $40-bn deal; amalgamation may take 15 to 18 months,The country's largest housing finance company and the biggest private sector bank announced that their boards have approved an all-stock amalgamation of HDFC Ltd into HDFC Bank,https://www.business-standard.com/article/companies/hdfc-twins-merge-in-40-bn-deal-amalgamation-may-take-15-to-18-months-122040500024_1.html,2022-04-05 02:02:00
17,05 Apr 2022 | 2:13 AM IST,HDFC Bank merger to create entity twice the size of ICICI Bank: S&P,"HDFC Bank's planned merger with its parent HDFC will make the bank twice the size of ICICI Bank, while bolstering market share and diversifying revenues, S&P Global Ratings said on Monday.
In the biggest merger in the corporate history, India's largest housing finance company HDFC will merge with the country's largest private lender HDFC Bank to create a banking behemoth.
Once the deal is effective, HDFC Bank will be 100 per cent owned by public shareholders, and existing shareholders of HDFC will own 41 per cent of the bank, according to stock exchange filings by the firms.
S&P said the merger will likely result in significant market-share gains for HDFC Bank, given HDFC (the parent) is the largest financier of mortgages in India. It will raise HDFC Bank's loans by 42 per cent to Rs 18 lakh crore (USD 237 billion), increasing the bank's market share to about 15 per cent, from 11 per cent currently.
""While HDFC Bank will remain the second-largest bank in India post-merger, it .",https://www.business-standard.com/article/finance/hdfc-bank-merger-to-create-entity-twice-the-size-of-icici-bank-s-p-122040400722_1.html,2022-04-05 02:13:00
17,05 Apr 2022 | 6:03 AM IST,Sashidhar Jagdishan on what the deal with HDFC means to HDFC Bank,"Sashidhar Jagdishan, managing director and chief executive officer of HDFC Bank, tells Manojit Saha what the deal with HDFC means to the bank and the opportunities it provides",https://www.business-standard.com/article/companies/sashidhar-jagdishan-on-what-the-deal-with-hdfc-means-to-hdfc-bank-122040500033_1.html,2022-04-05 06:03:00
17,05 Apr 2022 | 1:04 PM IST,HDFC Bank and mortgage lender HDFC Ltd to merge,The merger is expected to be completed by Q2/Q3 of FY24,https://www.business-standard.com/article/companies/hdfc-bank-and-mortgage-lender-hdfc-ltd-to-merge-122040400179_1.html,2022-04-05 13:04:00
17,05 Apr 2022 | 8:05 PM IST,HDFC twins' stocks see heavy selling pressure; settle nearly 3% down,"At the end of Tuesday's trading session, market capitalisation of HDFC stood at Rs 4,75,375.07 crore, down from Rs 4,85,691.18 crore on Monday",https://www.business-standard.com/article/markets/hdfc-twins-stocks-see-heavy-selling-pressure-settle-nearly-3-down-122040500911_1.html,2022-04-05 20:05:00
17,05 Apr 2022 | 10:22 PM IST,HDFC-HDFC Bank merger: Brokerages see return ratios improving by FY25-26,Analysts think there are multiple challenges such as impact of SLR/CRR/PSL compliance cost; the RBI's aversion to banks holding considerable stakes in para-banking businesses,https://www.business-standard.com/article/markets/hdfc-hdfc-bank-merger-brokerages-see-return-rations-improving-by-fy25-26-122040500310_1.html,2022-04-05 22:22:00
17,05 Apr 2022 | 10:22 PM IST,Markets snap a two-session rally; HFDC twins slip on profit booking,Equity benchmarks took a knock on Tuesday after two days of sharp upmoves as investors pocketed gains in banking and financial stocks after their recent rally,https://www.business-standard.com/article/markets/markets-snap-a-two-session-rally-hfdc-twins-slip-on-profit-booking-122040501371_1.html,2022-04-05 22:22:00
17,06 Apr 2022 | 6:05 AM IST,HDFC Bank-HDFC merger: Regulatory changes for NBFCs proved decisive,"On Monday, HDFC and HDFC Bank announced their boards had approved an all-stock amalgamation of the former into the latter, subject to regulatory approvals",https://www.business-standard.com/article/finance/hdfc-bank-hdfc-merger-regulatory-changes-for-nbfcs-proved-decisive-122040600026_1.html,2022-04-06 06:05:00
17,06 Apr 2022 | 6:05 AM IST,Home loans to be cheaper as bank has low-cost deposits: HDFC Bank chairman,"Cost-wise, the housing loans would certainly come at a cheaper cost because the bank has low-cost deposits or Casa [current and savings account]",https://www.business-standard.com/article/finance/home-loans-to-be-cheaper-as-bank-has-low-cost-deposits-hdfc-bank-chairman-122040600020_1.html,2022-04-06 06:05:00
17,06 Apr 2022 | 6:12 AM IST,Combined entity will get benefit of lower cost of funds: HDFC's Keki Mistry,"Keki Mistry, vice-chairman and chief executive officer of HDFC, tells Manojit Saha the option to merge with HDFC Bank was on the drawing-board but it is making sense now owing to a variety of factors.",https://www.business-standard.com/article/companies/combined-entity-will-get-benefit-of-lower-cost-of-funds-hdfc-s-keki-mistry-122040600007_1.html,2022-04-06 06:12:00
17,06 Apr 2022 | 2:43 PM IST,"HDFC Bank, HDFC down for 2nd day in a row; dip up to 11% from Monday's high",Shares of HDFC Bank and HDFC have fallen 6 per cent in the past two trading days,https://www.business-standard.com/article/markets/hdfc-bank-hdfc-down-for-2nd-day-in-a-row-dip-up-to-11-from-monday-s-high-122040600692_1.html,2022-04-06 14:43:00
17,13 Apr 2022 | 1:04 AM IST,"MFs pump Rs 22,000 cr into stocks in March amid extreme market volatility","Among large-caps, Kotak Mahindra Bank, HDFC, ONGC and Maruti Suzuki among most-bought shares; ITC tops sell list",https://www.business-standard.com/article/markets/mfs-pump-rs-22-000-cr-into-stocks-in-march-amid-extreme-market-volatility-122041200947_1.html,2022-04-13 01:04:00
17,13 Apr 2022 | 10:41 PM IST,"Adani Green becomes 8th most valued firm; overtakes Bajaj Finance, HDFC","Shares of the company jumped 2.70% to settle at Rs 2,864.75 on BSE",https://www.business-standard.com/article/companies/adani-green-becomes-8th-most-valued-firm-overtakes-bajaj-finance-hdfc-122041300980_1.html,2022-04-13 22:41:00
17,15 Apr 2022 | 11:51 PM IST,HDFC moved NCLT against SITI Networks claiming default of Rs 296 cr,"SITI Networks has received a notice issued by the Mumbai bench of the National Company Law Tribunal over the petition filed by HDFCL, the Essel group firm said in a regulatory filing on Thursday",https://www.business-standard.com/article/companies/hdfc-moved-nclt-against-siti-networks-claiming-default-of-rs-296-cr-122041500836_1.html,2022-04-15 23:51:00
17,18 Apr 2022 | 6:07 AM IST,"HDFC Bank shifts tack to focus on wholesale loans, plans branch expansion","During Q4 of FY22, HDFC Bank added 563 branches while in the entire FY22, it added 734 branches, which is about two branches per day",https://www.business-standard.com/article/finance/hdfc-bank-shifts-tack-to-focus-on-wholesale-loans-plans-branch-expansion-122041700950_1.html,2022-04-18 06:07:00
17,19 Apr 2022 | 10:46 PM IST,HDFC twins' stocks tank 20% each in 9 trading sessions: What analysts say,"Total mcap erosion pegged at Rs 2.72 trillion; HDFC Bank falls for ninth straight day, down 3.73% to Rs 1,343.3. HDFC sheds 5.5% to Rs 2,138.7",https://www.business-standard.com/article/markets/hdfc-twins-stocks-tank-20-each-in-9-trading-sessions-what-analysts-say-122041900894_1.html,2022-04-19 22:46:00
17,22 Apr 2022 | 11:14 PM IST,HDFC twins are trading at historic valuation discount vs Sensex,"Analysts expect trend to persist till FY23 end, in light of headwinds",https://www.business-standard.com/article/companies/hdfc-twins-are-trading-at-historic-valuation-discount-vs-sensex-122042201417_1.html,2022-04-22 23:14:00
16,22 Apr 2022 | 11:15 PM IST,Couldn't articulate benefits of HDFC-HDFC Bank merger clearly: Keki Mistry,"Says HDFC will have the benefit of distribution at all 6,500 branches of the bank. Today not all the branches of HDFC Bank source housing loans from HDFC",https://www.business-standard.com/article/companies/couldn-t-articulate-benefits-of-hdfc-hdfc-bank-merger-clearly-keki-mistry-122042200968_1.html,2022-04-22 23:15:00
16,28 Apr 2022 | 12:54 AM IST,HDFC Life March quarter: Guidance of premium growth offers confidence,Analysts' target price tops Rs 600,https://www.business-standard.com/article/companies/hdfc-life-march-quarter-guidance-of-premium-growth-offers-confidence-122042701203_1.html,2022-04-28 00:54:00
16,01 May 2022 | 2:08 PM IST,HDFC hikes retail prime lending rate on housing loans by 5 bps,HDFC's adjustable-rate home loans for customers with a credit score of above 750 will now be 6.75% versus 6.70% earlier,https://www.business-standard.com/article/finance/hdfc-hikes-retail-prime-lending-rate-on-housing-loans-by-5-bps-122050100377_1.html,2022-05-01 14:08:00
16,02 May 2022 | 3:59 PM IST,"Sensex bounces 563 pts off lows, ends 87 pts down; Nifty holds 17,050","CLOSING BELL: IndusInd Bank, NTPC, Tata Steel, HDFC, PowerGrid, and ITC were the major gainers",https://www.business-standard.com/article/markets/market-live-sensex-nifty-russia-ukraine-maruti-hdfc-sgx-nifty-auto-122050200091_1.html,2022-05-02 15:59:00
16,02 May 2022 | 6:22 PM IST,Top Headlines: LIC oversubscribed by anchor investors; HDFC profit up 16%,LIC got off to a good start with the $732 million of shares reserved for anchor investors oversubscribed. While HDFC Ltd reported a 16% net profit in 4th quarter. Read more on these our top headlines,https://www.business-standard.com/article/current-affairs/top-headlines-lic-oversubscribed-by-anchor-investors-hdfc-profit-up-16-122050200825_1.html,2022-05-02 18:22:00
16,03 May 2022 | 1:20 AM IST,Indices end in the red but bulls fight back; HDFC shines after Q4 show,"After plunging over 600 points in intraday trade, the 30-share BSE Sensex recouped most losses to end 84.88 points or 0.15 per cent lower at 56,975.99",https://www.business-standard.com/article/markets/indices-end-in-the-red-but-bulls-fight-back-hdfc-shines-after-q4-show-122050300028_1.html,2022-05-03 01:20:00
16,03 May 2022 | 1:25 AM IST,"HDFC's net profit up 16% at Rs 3,700 cr in Q4; beats street estimates","Net interest income of the lender increased by 14 per cent to Rs 4,601 crore in Q4FY22, aided by higher loan growth",https://www.business-standard.com/article/companies/hdfc-s-net-profit-up-16-rs-3-700-cr-in-q4-beats-street-estimates-122050200782_1.html,2022-05-03 01:25:00
16,04 May 2022 | 3:58 PM IST,"Sensex tanks 1,307pts on RBI's sudden 40bps rate hike; Nifty breaks 16,700","Meanwhile, the mega LIC IPO was off to a steady start, with policyholder and employee segment receiving strong response on Day 1 of the offer period.",https://www.business-standard.com/article/markets/market-live-sensex-nifty-russia-ukraine-us-fed-tata-steel-titan-hdfc-122050400099_1.html,2022-05-04 15:58:00
16,15 May 2022 | 11:53 PM IST,M-cap of eight biggest firms falls over Rs 2.48 trn; Reliance biggest drag,"The market valuation of Reliance Industries tumbled Rs 1,30,627.7 crore to reach Rs 16,42,568.98 crore.",https://www.business-standard.com/article/markets/m-cap-of-eight-biggest-firms-falls-over-rs-2-48-trn-reliance-biggest-drag-122051501045_1.html,2022-05-15 23:53:00
16,17 May 2022 | 4:16 PM IST,"Xanadu Realty raises undisclosed sum from HDFC, HDFC Life for expansion","Xanadu Realty Ltd, a realty tech business accelerator firm, on Tuesday announced that it has received a strategic investment from HDFC Ltd and HDFC Life Insurance Co. Ltd.",https://www.business-standard.com/article/companies/xanadu-realty-raises-undisclosed-sum-from-hdfc-hdfc-life-for-expansion-122051700779_1.html,2022-05-17 16:16:00
16,19 May 2022 | 10:46 AM IST,HDFC Bank hits 52-week low; slips 26% since merger announcement with HDFC,Slower-than-expected credit growth amid weakening macros due to the Ukraine-Russia conflict; further softness in margins due to slower retail credit growth are key risks according to analysts,https://www.business-standard.com/article/markets/hdfc-bank-hits-52-week-low-slips-26-since-merger-announcement-with-hdfc-122051900327_1.html,2022-05-19 10:46:00
16,20 May 2022 | 10:51 PM IST,"FPI holding in HDFC, HDFC Bank drops amid sharp selloff in domestic market","FPIs have sold shares worth Rs 1.6 trn in domestic equities market so far this year. Historically, foreign investors have had high exposure to both HDFC Bank and HDFC",https://www.business-standard.com/article/companies/fpi-holding-in-hdfc-hdfc-bank-drops-amid-sharp-selloff-in-domestic-market-122052001420_1.html,2022-05-20 22:51:00
16,23 May 2022 | 1:06 AM IST,HDFC-HDFC Bank merger: Better late than never,There won't be instant gratification for investors but the move will catapult the bank into the big league,https://www.business-standard.com/article/opinion/hdfc-hdfc-bank-merger-better-late-than-never-122052300031_1.html,2022-05-23 01:06:00
16,23 May 2022 | 6:43 AM IST,"Best of BS Opinion: Confusing Sebi rules, Cong's electoral prospects & more",Here is the Best of BS Opinion for Monday,https://www.business-standard.com/article/opinion/best-of-bs-opinion-confusing-sebi-rules-cong-s-electoral-prospects-more-122052300065_1.html,2022-05-23 06:43:00
16,24 May 2022 | 1:07 PM IST,"HDFC Bank's prospects for MSCI, FTSE light up as overseas holdings dip","If FPI holdings decline further in the two firms, it could lead to good buying opportunities: Analysts.",https://www.business-standard.com/article/markets/hdfc-bank-s-prospects-for-msci-ftse-lighten-up-as-overseas-holdings-dip-122052301512_1.html,2022-05-24 13:07:00
16,26 May 2022 | 8:49 PM IST,"HDFC Bank, HDFC merger takes April deal volume to record $46.3 bn: Report","The same number had stood at $12.91 billion in the year-ago period and $8.7 billion in 2020, the report by Grant Thornton Bharat said",https://www.business-standard.com/article/companies/hdfc-bank-hdfc-merger-takes-april-deal-volume-to-record-46-3-bn-report-122052601506_1.html,2022-05-26 20:49:00
16,29 May 2022 | 12:42 PM IST,Seven of top-10 firms add Rs 1.16 trn in m-cap; HDFC Bank lead gainer,"The market valuation of HDFC Bank jumped Rs 39,358.5 crore to reach Rs 7,72,514.65 crore",https://www.business-standard.com/article/markets/seven-of-top-10-firms-add-rs-1-16-trn-in-m-cap-hdfc-bank-lead-gainer-122052900281_1.html,2022-05-29 12:42:00
16,31 May 2022 | 11:55 AM IST,"HDFC, HDFC Bank, Bajaj Finance, Bajaj Finserv: Should you buy or sell them?",The Bajaj and HDFC twins can rally up to 8 per cent provided the stocks manage to sustain above the following key technical levels on the daily and weekly charts.,https://www.business-standard.com/article/markets/hdfc-hdfc-bank-bajaj-finance-bajaj-finserv-should-you-buy-or-sell-them-122053100482_1.html,2022-05-31 11:55:00
16,01 Jun 2022 | 1:31 PM IST,HDFC raises interest rate by 5 bps; ICICI Bank raises MCLR by 30 bps,"As of December 2021, a little over 39% of banking system loans are linked to the external benchmark, shows RBI data",https://www.business-standard.com/article/finance/hdfc-raises-interest-rate-by-5-bps-icici-bank-raises-mclr-by-30-bps-122060100641_1.html,2022-06-01 13:31:00
16,02 Jun 2022 | 2:29 AM IST,"EMIs to hurt more as PNB, ICICI Bank, HDFC hike interest rates","Third hike by HDFC in a month, ICICI increase steepest at 30 basis points",https://www.business-standard.com/article/economy-policy/emis-to-hurt-more-as-pnb-icici-bank-hdfc-hike-interest-rates-122060200057_1.html,2022-06-02 02:29:00
15,02 Jun 2022 | 2:33 AM IST,HDFC Bank sees profits more than doubling to $15 bn in 5 years after merger,CEO Jagdishan tells analysts merger with HDFC gives the lender the opportunity to double balance sheet every five years,https://www.business-standard.com/article/finance/hdfc-bank-sees-profits-more-than-doubling-to-15-bn-in-5-years-after-merger-122053101696_1.html,2022-06-02 02:33:00
15,07 Jun 2022 | 12:45 PM IST,Time right for HDFC to find new home: Deepak Parekh to shareholders,The board of directors of HDFC and HDFC Bank on April 4 had approved the plan for an all-stock deal merger,https://www.business-standard.com/article/companies/hdfc-and-hdfc-bank-merger-time-is-right-for-hdfc-to-find-find-a-new-home-says-deepak-pareekh-in-a-letter-to-shareholders-122060700370_1.html,2022-06-07 12:45:00
15,08 Jun 2022 | 1:04 AM IST,"HDFC-HDFC Bank merger: Parekh expects fair, judicious regulatory response",Says India could double the size of home loan business to $600 billion in 5 years,https://www.business-standard.com/article/companies/hdfc-s-parekh-expects-regulatory-response-to-merger-to-be-fair-judicious-122060700335_1.html,2022-06-08 01:04:00
15,09 Jun 2022 | 10:11 PM IST,HDFC raises Retail Prime Lending Rate on housing loans by 50 bps,"Following the RBI MPC's decision to raise benchmark policy rate by 50 bps, many lenders, including ICICI Bank and BoB, have also raised their external benchmark linked loan rates by an equal amount",https://www.business-standard.com/article/companies/hdfc-raises-retail-prime-lending-rate-on-housing-loans-by-50-bps-122060901190_1.html,2022-06-09 22:11:00
15,10 Jun 2022 | 7:41 AM IST,"Stocks to Watch: RIL, Bajaj Auto, HDFC, LIC, TVS Motor, IIFL Finance, HFCL",Stocks to Watch Today: Bajaj Auto to consider share buyback on June 14 after 22 years; The 30-day lock-in period for anchor investments in LIC IPO ends on June 13.,https://www.business-standard.com/article/markets/stocks-to-watch-today-ril-bajaj-auto-hdfc-lic-tvs-motor-iifl-finance-hfcl-122061000115_1.html,2022-06-10 07:41:00
15,10 Jun 2022 | 3:45 PM IST,"Sensex tanks 1,017 pts; Nifty holds 16,200; Bajaj Finance sinks 4%, RIL 3%","Stock market highlights: Over 35 Nifty stocks ended the session in the red with Bajaj Finance, HDFC, Kotak Bank, Hindalco, Wipro, Reliance Industries, Tech M, and Infosys falling between 2.5-4%",https://www.business-standard.com/article/markets/stock-market-live-updates-nifty-sensex-bse-nse-us-inflation-bajaj-auto-india-stock-122061000118_1.html,2022-06-10 15:45:00
15,16 Jun 2022 | 9:13 AM IST,"HDFC in final stage of selling 4 large, stressed accounts before the merger",The four distressed accounts include Subhash Chandra-promoted Siti Networks,https://www.business-standard.com/article/companies/hdfc-to-sell-four-large-stressed-accounts-before-merger-122061600195_1.html,2022-06-16 09:13:00
15,17 Jun 2022 | 8:33 AM IST,"Stocks to watch: Telecom, Aviation, Tata Motors, HDFC, Glenmark Pharma",Stocks to watch today: Tata Motors UK subsidiary JLR is likely to halt production due to supply disruption and chip crunch; Aviation stocks in focus after jet fuel prices hiked by 16 per cent.,https://www.business-standard.com/article/markets/stocks-to-watch-today-telecom-aviation-tata-motors-hdfc-glenmark-pharma-122061700241_1.html,2022-06-17 08:33:00
15,24 Jun 2022 | 12:08 AM IST,"Life may get tougher for mid, small size HFCs amid rising rates: Analysts","Analysts warn that housing finance companies (HFCs), which cater largely to affordable housing segment, may see some margin erosion",https://www.business-standard.com/article/markets/life-may-get-tougher-for-mid-small-size-hfcs-amid-rising-rates-analysts-122062300396_1.html,2022-06-24 00:08:00
15,29 Jun 2022 | 11:18 PM IST,"Mutual Fund industry largely under-penetrated in India, says Deepak Parekh","Despite high growth, India's MF AUM-to-gross domestic product ratio is a low 16 per cent, against the global average of 74 per cent, he said",https://www.business-standard.com/article/markets/mutual-fund-industry-largely-under-penetrated-in-india-says-deepak-parekh-122062901006_1.html,2022-06-29 23:18:00
15,29 Jun 2022 | 11:48 PM IST,"HDFC raises Rs 4,000 cr via 21-month paper, attracts bids of over Rs 70K cr","Companies, including HDFC, Tata Capital Financial Services, LIC Housing Finance and Haldia Petrochem raised over Rs 6,000 crore on Wednesday",https://www.business-standard.com/article/markets/hdfc-raises-rs-4-000-cr-via-21-month-paper-at-7-28-122062901291_1.html,2022-06-29 23:48:00
15,30 Jun 2022 | 8:17 AM IST,"Stocks to watch: Tata Steel, HDFC, Jet Airways, JSW Steel, Biocon, PVR","Stocks to watch today: HDFC, slated to merge with HDFC Bank, raised Rs 4,000 crore through a paper with a maturity of 21 months; Jet Airways plans to lease 6 to 8 planes as part of re-launch.",https://www.business-standard.com/article/markets/stocks-to-watch-today-tata-steel-hdfc-jet-airways-jsw-steel-biocon-pvr-jspl-eveready-ultratech-cement-122063000146_1.html,2022-06-30 08:17:00
15,30 Jun 2022 | 4:40 PM IST,"Sensex, Nifty end flat in choppy session; metals, auto, IT packs slip most","Stock market LIVE updates: The broader markets suffered more losses than the frontline indices. The BSE MidCap and SmallCap indices shed 0.5 and 0.7 per cent, respectively.",https://www.business-standard.com/article/markets/stock-market-live-updates-nifty-sensex-inflation-powell-nse-bse-hdfc-pvr-ril-dowjones-122063000155_1.html,2022-06-30 16:40:00
15,01 Jul 2022 | 12:34 AM IST,Rising interest rates won't impact housing demand: HDFC chairman Parekh,"A home loan is for a long tenor and during this period there are bound to be both upward and downward interest rate cycles, he said",https://www.business-standard.com/article/companies/rising-interest-rates-won-t-impact-housing-demand-hdfc-chairman-parekh-122063000958_1.html,2022-07-01 00:34:00
15,04 Jul 2022 | 12:36 AM IST,HDFC and HDFC Bank merger proposal gets nod from stock exchanges,"The merger, which was announced in early April, requires a series of approvals from financial sector regulators including RBI and CCI before it goes to NCLT and shareholders",https://www.business-standard.com/article/finance/no-adverse-observations-from-bse-and-nse-on-the-proposed-merger-hdfc-bank-122070300461_1.html,2022-07-04 00:36:00
15,04 Jul 2022 | 10:42 PM IST,HDFC Bank receives no objection letter from RBI for merger with HDFC,"The RBI nod comes a day after both HDFC and HDFC Bank got no-objection from both stock exchanges, namely BSE and NSE",https://www.business-standard.com/article/finance/hdfc-bank-receives-no-objection-letter-from-rbi-for-merger-with-hdfc-122070401339_1.html,2022-07-04 22:42:00
15,05 Jul 2022 | 5:58 PM IST,HDFC ties up with Salesforce to 'reimagine the customer lifecycle',"Mortgage lender HDFC Ltd on Tuesday said it has partnered with software firm Salesforce to support the company's growth priorities.
HDFC wanted to build the next generation of integration backbone, to easily connect backend and frontend systems including Salesforce, the mortgage firm said in a statement.
Mulesoft with its innovative API-led integration approach and low code integration capabilities, will help HDFC innovate quickly around connecting systems and help create new experiences, it said.
""As an organization we are keen on building solutions to suit the diverse requirements of our customers across segments. Cloud-based solutions are central to powering exceptional experiences that are intuitive and customized and Salesforce has been a crucial partner in our journey of reimagining the customer lifecycle,"" HDFC MD Renu Sud Karnad said.
Arundhati Bhattacharya, CEO Salesforce India said, the digital-first world presents an opportunity for organizations to transform their custo",https://www.business-standard.com/article/companies/hdfc-ties-up-with-salesforce-to-reimagine-the-customer-lifecycle-122070500863_1.html,2022-07-05 17:58:00
15,06 Jul 2022 | 7:53 AM IST,"Top Headlines: RBI awaits data for HDFC merger, UK cabinet change & more",The Reserve Bank of India (RBI) is yet to grant dispensations for the proposed merger of Housing Development Finance Corporation (HDFC) with HDFC Bank,https://www.business-standard.com/article/current-affairs/todays-top-headlines-rbi-awaits-data-for-hdfc-merger-uk-cabinet-change-122070600134_1.html,2022-07-06 07:53:00
15,06 Jul 2022 | 10:47 AM IST,HDFC twins' merger: RBI awaits more data to decide on dispensation request,"At present, HDFC, being a non-banking financial company, does not have to comply with the CRR, SLR and priority sector obligations like banks",https://www.business-standard.com/article/finance/hdfc-twins-merger-rbi-awaits-more-data-to-decide-on-dispensation-request-122070600069_1.html,2022-07-06 10:47:00
15,07 Jul 2022 | 4:36 PM IST,HDFC Bank hikes MCLR by 0.2% in third consecutive increase in rates,"The country's largest private sector lender HDFC Bank on Thursday announced a 0.20 per cent hike in its marginal cost of funding based lending rate across all tenors.
This is the third such move by the lender in as many months since May, and takes the overall quantum of the rate hikes to 0.80 per cent.
The RBI has hiked rates by a cumulative 0.90 per cent since shifting to rate tightening in the first week of May as it saw its core objective of inflation management getting under trouble. Analysts have been expecting more rate hikes from the central bank in the days ahead as price rise pressures are expected to continue.
HDFC Bank said the one year MCLR, to which many consumer loans are pegged, will now be 8.05 per cent as against 7.85 per cent earlier.
The overnight MCLR will be 7.70 per cent as against 7.50 per cent, while the three-year MCLR will be 8.25 per cent, as per the bank's website.",https://www.business-standard.com/article/finance/hdfc-bank-hikes-mclr-by-0-2-in-third-consecutive-increase-in-rates-122070700705_1.html,2022-07-07 16:36:00
14,11 Jul 2022 | 10:25 PM IST,HDFC Life invests in 'Z3Partners Tech Fund' to aid digital entrepreneurs,"Z3 Partners has already backed startups like Cyfirma, DealShare, Gramophone, Shipsy, and True-Fan",https://www.business-standard.com/article/companies/hdfc-life-invests-in-z3partners-tech-fund-to-aid-digital-entrepreneurs-122071101511_1.html,2022-07-11 22:25:00
14,14 Jul 2022 | 8:08 AM IST,"Stocks to watch: Mindtree, Tata Elxsi, Infosys, ACC, L&T Infotech, Raymond","Stocks to watch today: Tata Elxsi, L&T Infotech will report their June quarter results 2022 on Thursday July 14; Mindtree posted 37.3 per cent rise in net profit to Rs 471.6 crore for Q1FY23.",https://www.business-standard.com/article/markets/stocks-to-watch-mindtree-tata-elxsi-mindtree-acc-raymond-hdfc-infosys-q1-results-122071400116_1.html,2022-07-14 08:08:00
14,14 Jul 2022 | 11:18 PM IST,"Overseas investors continue to cut shareholding in both HDFC, HDFC Bank","FPIs' stake down over 400 bps in both, move paves way for global index inclusion of merged unit",https://www.business-standard.com/article/markets/overseas-investors-continue-to-cut-shareholding-in-both-hdfc-hdfc-bank-122071401489_1.html,2022-07-14 23:18:00
14,16 Jul 2022 | 7:00 AM IST,HDFC Bank Q1FY23 results: Tracking firm's performance over last 4 quarters,"In Q4FY22, the bank recorded a 22.8 per cent rise in its net profit year-on-year.",https://www.business-standard.com/article/companies/hdfc-bank-q1fy23-results-tracking-bank-s-performance-over-last-4-quarters-122071500904_1.html,2022-07-16 07:00:00
14,19 Jul 2022 | 9:21 PM IST,"HDFC Life Q1 net up 21% to Rs 365 cr on VNB surge, lower mortality reserves","VNB up 25% YoY to Rs 510 cr, annualised premium equivalent grew 22% to Rs 1,904 cr; Solvency ratio at 178%, slightly above the regulatory norm of 150%",https://www.business-standard.com/article/companies/hdfc-life-q1-net-up-21-to-rs-365-cr-on-vnb-surge-lower-mortality-reserves-122071900741_1.html,2022-07-19 21:21:00
14,22 Jul 2022 | 11:48 AM IST,India's largest equity fund manager Prashant Jain to leave HDFC: Report,"Prashant Jain was the longest-serving mutual fund manager in the industry, served for 28 years. With corpus crossing the Rs 1 trillion mark, he became the country's biggest equity fund manager in July",https://www.business-standard.com/article/current-affairs/india-s-largest-equity-fund-manager-prashant-jain-to-leave-hdfc-report-122072200330_1.html,2022-07-22 11:48:00
14,29 Jul 2022 | 7:54 AM IST,"Stocks to watch: HDFC, Sun Pharma, Dr Reddy's, STFC, TVS Motor, SpiceJet","Stocks to watch today: HDFC, Sun Pharma, and Cipla will report their June quarter results on Friday, July 29; Dr Reddy's saw 108 per cent YoY rise in consolidated net profit to Rs 1,187.6 crore in Q1.",https://www.business-standard.com/article/markets/stocks-to-watch-hdfc-sun-pharma-dr-reddys-stfc-tvs-motor-spicejet-q1-results-yes-bank-indian-oil-dlf-122072900134_1.html,2022-07-29 07:54:00
14,29 Jul 2022 | 3:30 PM IST,"HDFC Q1 profit jumps 22% YoY to Rs 3,669 crore, misses estimates",HDFC clocked the highest percentage growth in individual loan AUM in 8 years,https://www.business-standard.com/article/companies/hdfc-q1-profit-jumps-22-yoy-to-rs-3-669-crore-misses-estimates-122072900610_1.html,2022-07-29 15:30:00
14,29 Jul 2022 | 4:36 PM IST,"Sensex rises 712 pts, Nifty tops 17,150; Tata Steel rallies 7%, HDFC 2%",CLOSING BELL: Public sector banks were the only losers with the Nifty PSB index down 1.2 per cent,https://www.business-standard.com/article/markets/stock-market-live-nifty-sensex-bse-nse-q1-results-drl-sun-pharma-cipla-122072900136_1.html,2022-07-29 16:36:00
14,29 Jul 2022 | 5:27 PM IST,"Top headlines: HDFC Q1 net rises 22%; IOC posts Rs 1,993-cr net loss in Q1",Swiggy announced on Friday that it has extended its 'Future of Work' policy and announced a permanent work-from-anywhere for majority of roles.,https://www.business-standard.com/article/companies/top-headlines-hdfc-q1-net-rises-22-ioc-posts-rs-1-993-cr-net-loss-in-q1-122072900952_1.html,2022-07-29 17:27:00
14,29 Jul 2022 | 10:25 PM IST,HDFC to fully acquire venture capital arm by buying shares from SBI,"The acquisition is expected to be completed within 14 days from the date of execution of the share purchase agreement or by August 12, 2022",https://www.business-standard.com/article/companies/hdfc-to-fully-acquire-venture-capital-arm-by-buying-shares-from-sbi-122072901436_1.html,2022-07-29 22:25:00
14,29 Jul 2022 | 11:27 PM IST,"HDFC Ltd net profit surges 22% YoY to Rs 3,668 crore in June quarter",It looks to raise $1.1 billion in external commercial borrowing,https://www.business-standard.com/article/companies/hdfc-ltd-net-profit-surges-22-yoy-to-rs-3-668-crore-in-june-quarter-122072901091_1.html,2022-07-29 23:27:00
14,31 Jul 2022 | 6:38 AM IST,"HDFC raises benchmark lending rate, RPLR by 25 bps with effect from Aug 1","Housing Development Finance Corp Ltd hiked its benchmark lending rate by 25 basis points, with effect from August 1, the company said in an exchange filing",https://www.business-standard.com/article/finance/hdfc-raises-benchmark-lending-rate-rplr-by-25-bps-with-effect-from-aug-1-122073001165_1.html,2022-07-31 06:38:00
14,01 Aug 2022 | 10:41 PM IST,Target maturity funds are better than FMPs for locking in returns,They are more transparent and control both interest-rate and credit risk,https://www.business-standard.com/article/pf/target-maturity-funds-a-better-option-than-fmps-for-locking-in-returns-122080101430_1.html,2022-08-01 22:41:00
14,05 Aug 2022 | 1:31 AM IST,No need to pay off parent firm's liabilities on day 1 of merger: HDFC Bank,The parent-subsidiary merger is seen as the biggest transaction in India's corporate history,https://www.business-standard.com/article/finance/no-need-to-pay-off-parent-firm-s-liabilities-on-day-1-of-merger-hdfc-bank-122080400700_1.html,2022-08-05 01:31:00
14,05 Aug 2022 | 9:52 PM IST,HDFC Ltd secures $1.1 bn syndicated social loan for affordable housing,"This transaction is the largest social loan globally, the first social external commercial borrowing (ECB) loan out of India and the largest ECB loan deal from a HFC or private NBFC in India",https://www.business-standard.com/article/companies/hdfc-ltd-secures-1-1-bn-syndicated-social-loan-for-affordable-housing-122080500382_1.html,2022-08-05 21:52:00
14,09 Aug 2022 | 11:34 PM IST,HDFC gets National Housing Bank nod for merger with subsidiary bank,"Mortgage major HDFC has received approval from the National Housing Bank (NHB) for its merger with subsidiary HDFC Bank, a regulatory filing said on Tuesday.",https://www.business-standard.com/article/companies/hdfc-gets-national-housing-bank-nod-for-merger-with-subsidiary-bank-122080900892_1.html,2022-08-09 23:34:00
14,10 Aug 2022 | 11:03 PM IST,HDFC-HDFC Bank merger could set off Rs 48k-cr Nifty50 churn: Brokerage,Market players seek clarity from exchanges on the exclusion rule,https://www.business-standard.com/article/markets/hdfc-hdfc-bank-merger-could-set-off-rs-48k-cr-nifty-50-churn-brokerage-122081001219_1.html,2022-08-10 23:03:00
14,11 Aug 2022 | 7:30 AM IST,"Top headlines: SoftBank warns of funding cuts, Vedanta eyes $100 bn revenue",Business Standard brings you the top headlines at this hour,https://www.business-standard.com/article/current-affairs/top-headlines-122081100128_1.html,2022-08-11 07:30:00
14,11 Aug 2022 | 10:52 AM IST,HDFC executes unusual trade to hedge borrowings against interest rate risk,"The switch in hedging tools comes as markets are buffeted by surging policy rates, with the Reserve Bank of India having hiked by 140 basis points since May to tackle inflation",https://www.business-standard.com/article/markets/hdfc-executes-unusual-trade-to-hedge-rate-risks-on-a-debt-issuance-122081100126_1.html,2022-08-11 10:52:00
13,12 Aug 2022 | 12:51 PM IST,"India at 75: Tatas to Naik, Murthy - 25 towering business leaders of India","Some are 'Midnight's Children' whose pre-Independence businesses bloomed after 1947, some 'Licence Raj Warriors' who refused to let red-tapeism slow them down. A look at 25 towering business leaders",https://www.business-standard.com/article/specials/india-at-75-tatas-to-naik-murthy-25-towering-business-leaders-of-india-122081100023_1.html,2022-08-12 12:51:00
13,16 Aug 2022 | 6:27 PM IST,"Newsmaker: Meet HDFC's Kaizad Bharucha, the highest earning banker of FY22","The Covid-19 pandemic turned out to be watershed years for the lender's wholesale lending business, growing this wholesale book much faster than retail",https://www.business-standard.com/article/specials/wholesale-diligence-meet-kaizad-bharucha-the-highest-earning-banker-122081600865_1.html,2022-08-16 18:27:00
13,24 Aug 2022 | 8:12 AM IST,"Vinay Rajani of HDFC Securities is positive on M&M, Timken India; check why",M&M closed with a bullish engulfing pattern on the daily chart with a jump in volumes,https://www.business-standard.com/article/markets/vinay-rajani-of-hdfc-securities-is-positive-on-m-m-timken-india-check-why-122082400116_1.html,2022-08-24 08:12:00
13,30 Aug 2022 | 11:04 AM IST,"With Rs 4.4-trn m-cap, Adani Transmission is India's 8th most valued firm","Adani Transmission surpassed HDFC, LIC, Bajaj Finance and Bharti Airtel in market cap ranking on Tuesday",https://www.business-standard.com/article/markets/adani-transmission-enters-in-top-10-most-valued-firms-zooms-84-in-3-mnths-122083000255_1.html,2022-08-30 11:04:00
13,30 Aug 2022 | 11:33 PM IST,Rupee surges to end at 79.46 vs dollar as MSCI rebalancing spurs inflows,"Bond yields fall as HDFC's Rs 10,000 crore debt sale plan propels custodian flows",https://www.business-standard.com/article/finance/rupee-surges-as-msci-rebalancing-leads-to-firm-inflows-in-indian-markets-122083001012_1.html,2022-08-30 23:33:00
13,05 Sep 2022 | 10:34 PM IST,HDFC Bank targets nearly Rs 1-trillion deposit mop-up every quarter,"In the recent roadshows, the bank's management sounded confident of its ability to deliver both loan growth as well as deposit growth, a report by Macquarie Research said on Monday",https://www.business-standard.com/article/finance/hdfc-bank-eyes-nearly-rs-1-trillion-deposit-mop-up-every-quarter-122090501336_1.html,2022-09-05 22:34:00
13,12 Sep 2022 | 8:48 PM IST,"Abrdn to offload 2% in HDFC Life in block trades, put 43 mn shares on block","Price range set at Rs 564.1-578.55 per share; sale could fetch UK-based financial major at least Rs 2,425.6 cr",https://www.business-standard.com/article/companies/abrdn-to-offload-2-in-hdfc-life-in-block-trades-put-43-mn-shares-on-block-122091201139_1.html,2022-09-12 20:48:00
13,13 Sep 2022 | 10:13 PM IST,"Abrdn sells 2% stake in HDFC Life at Rs 574 a share, mops up Rs 2,469 cr","Societe General bought shares worth Rs 469 cr, Integrated Core Strategies bought shares worth Rs 287 cr and Norges Bank bought shares worth Rs 234 cr",https://www.business-standard.com/article/companies/abrdn-sells-2-stake-in-hdfc-life-at-rs-574-a-share-mops-up-rs-2-469-cr-122091301103_1.html,2022-09-13 22:13:00
13,27 Sep 2022 | 9:53 PM IST,"Ontario Teachers' opens India office, hires Keki Mistry as advisor","The Mumbai office will target investments in India across all asset classes, including public and private equities, infrastructure, real estate, credit and venture and growth equity",https://www.business-standard.com/article/companies/ontario-teachers-sets-up-office-in-india-ropes-in-keki-mistry-as-advisor-122092701281_1.html,2022-09-27 21:53:00
13,04 Oct 2022 | 7:54 AM IST,"Stocks to Watch: TCS, HDFC, Oil, Tata Steel, KEC, Banks, Coal India","Stocks to Watch Today: TCS is set to win $2 billion deal. Also, shares of oil related companies are likely to be in focus ahead of the OPEC+ meet on likely production cut.",https://www.business-standard.com/article/markets/stocks-to-watch-today-tcs-hdfc-oil-tata-steel-kec-banks-coal-india-electronics-mart-india-ipo-122100400096_1.html,2022-10-04 07:54:00
13,04 Oct 2022 | 3:37 PM IST,"Sensex up 1,277 pts, ends above 58K; Nifty tops 17,250; banks, metals lead","CLOSING BELL: IndusInd Bank, Bajaj Finance, TCS, HDFC, Bajaj Finserv, Tata Steel, HDFC Bank, Wipro, L&T, Axis Bank, ITC, SBI, and Infosys were the top Sensex gainers",https://www.business-standard.com/article/markets/stock-market-live-updates-nifty-sgx-nifty-electronics-mart-ipo-mahanagar-gas-hdfc-ipos-122100400099_1.html,2022-10-04 15:37:00
13,07 Oct 2022 | 9:01 PM IST,"HDFC to raise up to Rs 12,000 cr through bonds on private placement basis","Housing Development Finance Corporation (HDFC Ltd) will raise up to Rs 12,000 crore by issuing bonds on a private placement basis next week.
The base issue size is Rs 1,000 crore with an option to retain over subscription of up to Rs 11,000 crore, it said in a regulatory filing on Friday.
The secured redeemable Non-Convertible Debentures (NCDs) will carry a coupon rate of 8.07 per cent per annum for a tenor of 10 years.
""The object of the issue is to augment the long-term resources of the corporation.
""The proceeds of the present issue would be utilised for financing/refinancing the housing finance business requirements of the corporation,"" it said.
The issue will open on October 11 and close the same day. The issue is part of company's Shelf Placement Memorandum ""AA-series"" aggregating to Rs 75,000 crore that was approved by the mortgage lender's board in November 2021.",https://www.business-standard.com/article/companies/hdfc-to-raise-up-to-rs-12-000-cr-through-bonds-on-private-placement-basis-122100701122_1.html,2022-10-07 21:01:00
13,12 Oct 2022 | 10:23 PM IST,"SBI, HDFC offer discounted home loans at 8.40% as part of festive sales","Despite rising interest rates, leading home loan players SBI and HDFC have announced discounted interest rates beginning at 8.40 per cent as part of their festive offerings.
SBI in a statement said that its home loan book has topped the Rs 6 lakh crore mark, a first in the industry. The leading lender said it is offering up to 25 bps discount on interest rate to new home loan borrowers, making the entry level rate at 8.40 per cent and the offer will run up to January 31, 2023.
The  largest pure-play mortgage player HDFC, which is awaiting its merger with its banking subsidiary HDFC Bank, said it's also offering discounted interest rates to new borrowers to the tune of 20 bps or at 8.40 per cent.
According to HDFC website, the festive offer is valid up to November 30, and the low rate will be applicable to those borrowers who have a minimum credit score of 750.
Leading banks and mortgage players have increased their lending rates by up to 0.50 percentage point after the Reserve Bank",https://www.business-standard.com/article/finance/sbi-hdfc-offer-discounted-home-loans-at-8-40-as-part-of-festive-sales-122101201002_1.html,2022-10-12 22:23:00
13,15 Oct 2022 | 11:52 AM IST,HDFC-HDFC Bank merger: NCLT gives nod to hold shareholders' meet,"The National Company Law Tribunal (NCLT) has given its nod for holding a shareholders' meeting for obtaining approval for the proposed merger of HDFC with HDFC Bank.
The shareholder meeting will be convened on November 25, 2022 for the purpose of considering and approving the Scheme of Amalgamation, HDFC said in a regulatory filing on Friday.
HDFC Ltd has also received approval from the Securities and Exchange Board of India (Sebi) for transfer of HDFC Property Ventures Limited (HPVL), a wholly-owned subsidiary, to HDFC Bank.
Termed as the biggest transaction in India's corporate history, HDFC Bank on April 4 agreed to take over the biggest domestic mortgage lender in a deal valued at about USD 40 billion, creating a financial services titan.
The deal has got in-principle approval from the stock exchanges, Reserve Bank of India (RBI), Sebi, Pension Fund Regulatory and Development Authority (PFRDA) and Competition Commission of India (CCI).
The proposed entity will have a combined",https://www.business-standard.com/article/companies/hdfc-hdfc-bank-merger-nclt-gives-nod-to-hold-shareholders-meet-122101500256_1.html,2022-10-15 11:52:00
13,17 Oct 2022 | 11:25 PM IST,Pidilite may enter Nifty 50 once HDFC gets taken off after merger,The adhesive maker's inclusion to be ad hoc; analysts divided over treatment around HDFC's removal,https://www.business-standard.com/article/markets/pidilite-may-enter-nifty-50-once-hdfc-gets-taken-off-after-merger-122101700946_1.html,2022-10-17 23:25:00
13,17 Oct 2022 | 11:31 PM IST,"Merger overhang to delay HDFC Bank's re-rating, caution analysts","From a long-term perspective, they see up to 40.4 per cent upside in HDFC Bank's stock as growth outlook remains intact",https://www.business-standard.com/article/markets/merger-overhang-to-delay-hdfc-bank-s-re-rating-caution-analysts-122101700280_1.html,2022-10-17 23:31:00
13,18 Oct 2022 | 4:17 PM IST,"Down 66% YoY, total deal value in Q3FY23 second lowest since 2017: Report","According to Grant Thornton Bharat's Dealtracker September 2022 report, a total of 450 deals worth $10.2 billion were recorded in Q3FY23, 25 per cent below the 600 deals recorded in Q3FY22",https://www.business-standard.com/article/companies/down-66-yoy-total-deal-value-in-q3fy22-second-lowest-since-2017-report-122101800867_1.html,2022-10-18 16:17:00
13,18 Oct 2022 | 6:56 PM IST,NSE floats consultation on index components ahead of HDFC-HDFC bank merger,"Currently, the entity getting merged is removed from the index and later the weightage of the merged entity is increased",https://www.business-standard.com/article/markets/nse-floats-consultation-on-index-components-ahead-of-hdfc-hdfc-bank-merger-122101801144_1.html,2022-10-18 18:56:00
13,20 Oct 2022 | 5:19 PM IST,"HDFC corners 15% of CLSS housing market with Rs 67,000 crore loans","With over Rs 7,200 crore in subsidy disbursals, the largest pure-play mortgage lender HDFC has cornered over 15 per cent of the credit-linked subsidy scheme for affordable housing since its launch in June 2016.
The 45-year-old Corporation, which is awaiting a reverse merger with its subsidiary HDFC Bank, has also won the best housing finance company award from the government for this for the third time this year.
Its Managing director Renu Sud Karnad said they have over 3.13 lakh credit linked subsidy scheme (CLSS) customers, who have cumulatively borrowed more than Rs 67,000 crore from them since the launch of the plan under the Pradhan Mantri Awas Yojana (PMAY).
These customers have received more than Rs 7,200 crore in subsidies, which is a tad over 15 per cent of the total subsidy of Rs 48,250 crore given by the government.
The corporation has been awarded the best performing housing finance company under the CLSS and the same was given away by Union Housing Minister Hardeep Sin",https://www.business-standard.com/article/finance/hdfc-corners-15-of-clss-housing-market-with-rs-67-000-crore-loans-122102000437_1.html,2022-10-20 17:19:00
13,21 Oct 2022 | 11:16 PM IST,HDFC Life's net profit rises 19% to Rs 326.24 crore in Sept quarter,Value of new business (VNB) of the insurer was up 10.3 per cent YoY to Rs 748 crore in Q2FY23 compared to Rs 678 crore in the year-ago period,https://www.business-standard.com/article/companies/hdfc-life-s-net-profit-rises-19-to-rs-326-24-crore-in-sept-quarter-122102101114_1.html,2022-10-21 23:16:00
12,02 Nov 2022 | 6:23 PM IST,IPO watch: DCX issue subscribed nearly 70 times on strong QIB interest,Price band set at Rs 197-207; No institutional takers for Fusion microfinance on opening day,https://www.business-standard.com/article/markets/ipo-watch-dcx-issue-subscribed-nearly-70-times-on-strong-qib-interest-122110201258_1.html,2022-11-02 18:23:00
12,03 Nov 2022 | 8:04 AM IST,"Stocks to Watch: Wipro, Dalmia Bharat, JK Cement, HDFC, Rail Vikas Nigam",Stocks to Watch today: Wipro has launched a new financial services consulting capability in India named Capco,https://www.business-standard.com/article/markets/stocks-to-watch-today-wipro-dalmia-bharat-jk-cement-hdfc-rail-vikas-nigam-jsw-steel-jk-paper-122110300150_1.html,2022-11-03 08:04:00
12,03 Nov 2022 | 4:15 PM IST,"Sensex recoups 350pts from day's low, ends flat; Nifty holds 18K; SBI up 2%","CLOSING BELL: IT, Power stocks logged significant losses, even as select financial stocks gained.",https://www.business-standard.com/article/markets/stock-market-live-updates-nifty-sensex-us-fed-q2-results-hdfc-vodafone-idea-adani-enterprises-122110300151_1.html,2022-11-03 16:15:00
12,04 Nov 2022 | 10:37 PM IST,"After meeting Q2 expectations, HDFC's growth outlook appears healthy","Analysts positive on stock, expect it to trade in the Rs 2,750-Rs 3,000 range",https://www.business-standard.com/article/companies/in-line-q2-outlook-healthy-for-hdfc-analysts-positive-on-the-stock-122110401615_1.html,2022-11-04 22:37:00
12,11 Nov 2022 | 12:21 PM IST,"HDFC Bank, HDFC hit over 7-month highs; stocks rally up to 15% in one month","According to a Macquarie report, the merged entity of HDFC-HDFC Bank may command a MSCI Weight of 13 per cent, up from 5.78 per cent",https://www.business-standard.com/article/markets/hdfc-bank-hdfc-hit-over-7-month-highs-stocks-rally-up-to-15-in-one-month-122111100646_1.html,2022-11-11 12:21:00
12,15 Nov 2022 | 5:43 PM IST,"Mortgage lender HDFC to raise up to Rs 5,500 cr via bonds on Thursday","Mortgage lender HDFC will raise up to Rs 5,500 crore by issuing bonds on private placement basis to shore up its resources.
The secured redeemable non-convertible debentures (NCDs) issue will have a base size of Rs 4,000 crore with an option to retain oversubscription of up to Rs 1,500 crore.
""The object of the issue is to augment the long-term resources of the Corporation,"" HDFC Ltd said in a regulatory filing on Tuesday.
The largest mortgage lender of the country said it will use the proceeds from the issue for financing or refinancing the housing finance business requirements.
The bonds issue opens on November 17, 2022 and closes the same day.
Housing Development Finance Corporation (HDFC), set for a merger with its subsidiary HDFC Bank, will offer a coupon at 7.70 per cent per annum on the bonds.
The tenor of the bonds is of three years.
HDFC stock was trading at Rs 2,667.10 on the BSE, up 0.21 per cent from the previous close.",https://www.business-standard.com/article/finance/mortgage-lender-hdfc-to-raise-up-to-rs-5-500-cr-via-bonds-on-thursday-122111501172_1.html,2022-11-15 17:43:00
12,16 Nov 2022 | 7:48 AM IST,"Stocks to Watch: Bikaji Foods, Medanta, Paytm, NDTV, HDFC, SBI, Tata Motors","Stocks to Watch Today: Bikai Foods, Global Health (Medanta) set for market debut today. Meanwhile, in the F&O segment, BHEL, Delta Corp, GNFC, PNB and Sun TV were in F&O ban period on Wednesday.",https://www.business-standard.com/article/markets/stocks-to-watch-today-bikaji-foods-medanta-paytm-ndtv-hdfc-sbi-tatamotors-122111600129_1.html,2022-11-16 07:48:00
12,17 Nov 2022 | 8:00 AM IST,HDFC Capital concludes 2nd H@ART summit; commits investments to 15 startups,The HDFC Capital through its H@ART platform has committed to more than 15 investments in Indian prop-tech startups and has already invested in companies like Loyalie and HomeExchange,https://www.business-standard.com/article/companies/hdfc-capital-concludes-2nd-h-art-summit-commits-investments-to-15-startups-122111601650_1.html,2022-11-17 08:00:00
12,18 Nov 2022 | 7:24 PM IST,HDFC to benefit from NSE tweak in index composition rule on mergers,"Under new framework, in the event of a merger, target company will be deleted from index a day prior to ex-date, weight of acquirer (if part of the same index) will be increased the same day",https://www.business-standard.com/article/markets/hdfc-to-benefit-from-nse-tweak-in-index-composition-rule-on-mergers-122111800975_1.html,2022-11-18 19:24:00
12,23 Nov 2022 | 9:29 PM IST,"HDFC twins may merge by April next year, says Chairman Deepak Parekh","Parekh said the voting process of shareholders on the proposed merger has received ""fair amount of votes"" from shareholders already",https://www.business-standard.com/article/companies/hdfc-twins-may-merge-by-april-next-year-says-chairman-deepak-parekh-122112301137_1.html,2022-11-23 21:29:00
12,06 Dec 2022 | 9:24 PM IST,Promoter abrdn Investment to sell entire 10.2% stake in HDFC AMC,"After the stake sale, abrdn will cease to be a co-sponsor of HDFC Mutual Fund; it had divested 5.58% in HDFC AMC for over Rs 2,300 cr in August",https://www.business-standard.com/article/companies/promoter-abrdn-investment-to-sell-entire-10-2-stake-in-hdfc-amc-122120601180_1.html,2022-12-06 21:24:00
12,11 Dec 2022 | 11:29 PM IST,"At $171 billion in 2022, India Inc clinches highest ever yearly M&As",Domestic deals to fuel M&As in the new year as global slowdown looms,https://www.business-standard.com/article/companies/merger-of-hdfc-twins-takes-india-inc-m-as-to-all-time-high-of-210-bn-122121100534_1.html,2022-12-11 23:29:00
12,12 Dec 2022 | 8:30 AM IST,"Top Headlines: Tax-free slab to Rs 5 lakh, basic Customs duty cut, and more",Business Standard brings you the top headlines at this hour,https://www.business-standard.com/article/economy-policy/todays-top-headlines-budget-2023-24-sbi-overseas-trade-fta-air-india-hdfc-bank-122121200096_1.html,2022-12-12 08:30:00
12,19 Dec 2022 | 10:16 PM IST,"HDFC raises home loan rates by 35 bps, effective from December 20","With this rate hike, HDFC has now passed on the entire rate hike done by the six-member monetary policy committee (MPC) of the Reserve Bank of India (RBI) to the borrowers",https://www.business-standard.com/article/finance/hdfc-raises-home-loan-rates-by-35-bps-effective-from-december-20-122121901182_1.html,2022-12-19 22:16:00
12,20 Dec 2022 | 12:32 AM IST,BS BFSI Insight Summit 2022: NBFC bigshots to speak on prospects ahead,"From Ramesh Iyer, VC & MD at Mahindra Financial Services to Rakesh Singh, MD & CEO at Aditya Birla Finance, here is the list of panelists from NBFCs",https://www.business-standard.com/article/specials/bs-bfsi-insight-summit-2022-nbfc-bigshots-to-speak-on-prospects-ahead-122121901256_1.html,2022-12-20 00:32:00
12,04 Jan 2023 | 8:39 AM IST,"Stocks to Watch: HDFC, IndusInd Bank, PVR, Orient Cement, RIL, IT, FMCG","Stocks to watch today:  In a relief to multiplexes, the Supreme Court on Tuesday said that theatre owners had the right to prohibit outside food and beverages on their premises",https://www.business-standard.com/article/markets/stocks-to-watch-today-hdfc-indusind-bank-pvr-orient-cement-ril-it-fmcg-vedanta-123010400108_1.html,2023-01-04 08:39:00
12,04 Jan 2023 | 3:43 PM IST,"Sensex sinks 637pts, gives up 61K, Nifty near 18K; Realty, Metals top drags","CLOSING BELL: TCS, Maruti, Divis's Labs, HDFC Life and Dr Reddy's were among the handful of stocks that held minor gains",https://www.business-standard.com/article/markets/stock-market-live-updates-sensex-nifty-sgx-ril-vedanta-orient-cement-indusind-pvr-123010400112_1.html,2023-01-04 15:43:00
12,15 Jan 2023 | 10:18 PM IST,No word from RBI yet on regulatory leeway for HDFC twins' merger,"HDFC Bank let go of Rs 40,000 cr loans as pricing didn't match bond mkt rates",https://www.business-standard.com/article/finance/no-word-from-rbi-yet-on-regulatory-leeway-for-hdfc-twins-merger-123011500565_1.html,2023-01-15 22:18:00
12,16 Jan 2023 | 10:47 PM IST,"HDFC Bank shares fall post Q3 as moderating loan, deposit growth weighs","Analysts expect HDFC Bank's stock to perform gradually until the margin profile revives, and the merger-related overhang eases",https://www.business-standard.com/article/markets/hdfc-bank-shares-listless-post-q3-as-moderating-loan-deposit-growth-weighs-123011600302_1.html,2023-01-16 22:47:00
12,18 Jan 2023 | 12:05 PM IST,"HDFC Bank, HDFC extend gains; advance over 3% in two trading days","In the past three months, HDFC Bank (up 13 per cent) and HDFC (up 15 per cent) have outperformed the benchmark S&P BSE Sensex",https://www.business-standard.com/article/markets/hdfc-bank-hdfc-extends-gain-up-over-3-in-two-trading-days-123011800391_1.html,2023-01-18 12:05:00
11,20 Jan 2023 | 1:33 PM IST,HDFC to raise at least Rs 3000 cr via bonds; may invite bids next week,"India's Housing Development Finance Corp (HDFC) will return to bond market after a gap of two months, three merchant bankers said on Friday",https://www.business-standard.com/article/companies/hdfc-to-raise-at-least-rs-3000-cr-via-bonds-may-invite-bids-next-week-123012000406_1.html,2023-01-20 13:33:00
11,22 Jan 2023 | 1:32 PM IST,Private sector insurer HDFC Life expects margins to improve in Mar quarter,"Leading private sector life insurer HDFC Life expects its margins to improve further in the fourth quarter, having already neutralised the hit it had taken from the merger of Exide Life three quarters earlier than expected.
The company closed the December quarter with a new business premium margin of 26.8 per cent. Its FY22 VNB (value of new business) margin stood at 27.4 per cent and the management is confident of reaching there or making a further improvement as it closes the current fiscal.
Over the weekend, HDFC Life reported a 15.2 per cent growth in net income at Rs 315.22 crore on a net premium income of Rs 14,379.38 crore, which rose 18.6 per cent annualised from Rs 12,124.36 crore.
Its first-year premium stood at Rs 2,724.87 crore, up from Rs 2,115.97 crore, and the renewal premium soared to Rs 7,187 crore from Rs 5,543.03 crore.
At 26.8 per cent, the VNB margin is already at the pre-merger level, neutralising the impact of the merger of Exide Life (in Q2 FY23) almost thre",https://www.business-standard.com/article/finance/private-sector-insurer-hdfc-life-expects-margins-to-improve-in-mar-quarter-123012200235_1.html,2023-01-22 13:32:00
11,23 Jan 2023 | 9:30 AM IST,HDFC to raise at least Rs 30 billion through issue of 10-year bonds,The issue will also have a greenshoe option to retain an additional 20 billion rupees and will close for subscription later this week,https://www.business-standard.com/article/finance/hdfc-to-raise-at-least-rs-30-billion-through-issue-of-10-year-bonds-123012300097_1.html,2023-01-23 09:30:00
11,26 Jan 2023 | 10:58 PM IST,Corporate India's new mantra for employees on leave: Do Not Disturb,"Plan your own leave, unlimited paid vacation days, and multiple leave options are India Inc's attempt at respecting time off",https://www.business-standard.com/article/companies/corporate-india-s-new-mantra-for-employees-on-leave-do-not-disturb-123012300217_1.html,2023-01-26 22:58:00
11,02 Feb 2023 | 7:53 AM IST,"Stocks to Watch: Adani Ent, Adani Green, HDFC, Maruti Suzuki, Insurance",Stocks to watch today: The Board of Adani Enterprises (AEL) has announced that it will not go-ahead with the fully subscribed Follow-on Public Offer (FPO),https://www.business-standard.com/article/markets/stocks-to-watch-today-adani-enterprises-hdfc-maruti-suzuki-tata-steel-ashok-ley-123020200166_1.html,2023-02-02 07:53:00
11,02 Feb 2023 | 2:18 PM IST,"HDFC Q3 profit jumps 13% YoY to Rs 3,691 crore, AUM grows 13% to Rs 7 trn","HDFC's Q3 net profit beat Street estimates which had pegged PAT around Rs 3,730 crore",https://www.business-standard.com/article/companies/hdfc-q3-profit-jumps-13-yoy-to-rs-3-691-crore-aums-grow-13-to-rs-7-trn-123020200758_1.html,2023-02-02 14:18:00
11,02 Feb 2023 | 10:27 PM IST,"HDFC Q3 net profit rises 13% to Rs 3,691 crore, impairments decline","Monetary policy, interest rate actions had short-term impact on net interest income, says mortgage major",https://www.business-standard.com/article/companies/hdfc-q3-results-net-profit-rises-13-to-rs-3-691-crore-aum-up-13-123020201174_1.html,2023-02-02 22:27:00
11,15 Feb 2023 | 12:05 AM IST,"HDFC launches bond sale worth Rs 25,000 cr to meet biz requirements",This will be one the largest ever debt sales by the firm; proceeds may be used to meet its financing or refinancing needs,https://www.business-standard.com/article/finance/hdfc-likely-to-sell-rs-25-000-cr-of-10-year-bonds-by-this-week-say-sources-123021301323_1.html,2023-02-15 00:05:00
11,16 Feb 2023 | 12:16 PM IST,"HDFC prices its biggest ever rupee bond issuance; to raise Rs 25,000 crore",HDFC is stepping up borrowing from notes because its merger with HDFC Bank Ltd. will make accessing the bond market more difficult,https://www.business-standard.com/article/finance/hdfc-prices-its-biggest-ever-rupee-bond-issuance-to-raise-rs-25-000-crores-123021600433_1.html,2023-02-16 12:16:00
11,16 Feb 2023 | 11:41 PM IST,"Biggest corporate bond deal: HDFC raises Rs 25,000 crore via NCDs","ICICI, Axis, HDFC Bank, ICICI Securities Primary Dealership arranged the deal",https://www.business-standard.com/article/companies/in-biggest-ever-corporate-bond-deal-hdfc-raises-rs-25-000-crore-123021601119_1.html,2023-02-16 23:41:00
11,17 Feb 2023 | 7:48 AM IST,"Stocks to watch: HDFC, Ambuja Cements, HAL, RailTel Corp, RPP Infra","Stocks to watch today: HDFC concluded sale of 10-year non-convertible debentures (NCDs) of Rs 25,000 crore; Ambuja Cements was selected as 'preferred bidder' for Uskalvagu limestone block in Odisha",https://www.business-standard.com/article/markets/stocks-to-watch-today-hdfc-ambuja-cements-hal-railtel-corp-rpp-infra-123021700110_1.html,2023-02-17 07:48:00
11,01 Mar 2023 | 5:46 PM IST,IRCTC partners with HDFC Bank to launch co-branded travel credit card,"Indian Railway Catering and Tourism Corporation Ltd (IRCTC) and HDFC Bank on Wednesday announced a partnership to launch a co-branded travel credit card.
Known as the IRCTC HDFC Bank Credit Card, the co-branded card is in a single variant and is available on NPCI's Rupay network.
This is the third tie-up of IRCTC after State Bank of India and Bank of Baroda.
The card will provide exclusive benefits and maximum savings on bookings of train tickets booked through the IRCTC's ticketing website and through IRCTC Rail Connect app, HDFC Bank Group Head (Payments, Consumer Finance, Digital Banking and IT) Parag Rao told reporters here.
Additionally, he said, IRCTC HDFC Bank Credit cardholders will enjoy an attractive joining bonus, discounts on bookings and access to the several executive lounges at railway stations across the country.
Commenting on the association, IRCTC chairman and managing director Rajni Hasija said the co-branded card offers exclusive access to newly opened lounges",https://www.business-standard.com/article/companies/irctc-partners-with-hdfc-bank-to-launch-co-branded-travel-credit-card-123030100900_1.html,2023-03-01 17:46:00
11,02 Mar 2023 | 9:05 AM IST,"Stocks to watch: HDFC Bank, NMDC, PVR, Lupin, Sunteck Realty, Tata Motors","Stocks to watch today: From HDFC to PVR, here are top stocks to watch in Thursday's trading session",https://www.business-standard.com/article/markets/stocks-to-watch-today-hdfc-nmdc-pvr-lupin-sunteck-realty-tata-motors-hero-motocorp-123030200100_1.html,2023-03-02 09:05:00
11,02 Mar 2023 | 4:27 PM IST,"Sensex sheds 502 pts, Nifty holds 17,300; Adani group stocks rise up to 5%","CLOSING BELL: The broader indices also outperformed, BSE Midcap and Smallcap indices were down up to 0.2 per cent as against the 0.8 per cent decline on the BSE benchmark.",https://www.business-standard.com/article/markets/stock-market-live-updates-nifty-sensex-fii-dii-crude-oil-hdfc-irctc-123030200102_1.html,2023-03-02 16:27:00
11,03 Mar 2023 | 10:49 PM IST,NCLT allows merger of HDFC's two subsidiaries with HDFC Capital Advisors,"The National Company Law Tribunal (NCLT) on Friday gave its approval for the merger of HDFC Property Ventures and HDFC Venture Capital with HDFC Capital Advisors, taking the merger of the parent with HDFC Bank a step closer.
The tribunal is yet to approve the merger of its two insurance arms and the asset management company as also the patent into the bank as part of the USD 40-billion reverse merger.
In its final order, the NCLT sanctioned a composite scheme of amalgamation of HDFC Property Ventures and HDFC Venture Capital into HDFC Capital Advisors, HDFC said in an exchange filing.
The amalgamation will result in simplification, streamlining and optimisation of the group structure and efficient administration, the order said.
Early this week, the tribunal had reserved the order for its approval of the HDFC and HDFC Bank merger after the parties sought 180 days more for the process.
HDFC has already received the required approvals from the Securities and Exchange Board, sharehol",https://www.business-standard.com/article/companies/nclt-allows-merger-of-hdfc-s-two-subsidiaries-with-hdfc-capital-advisors-123030301322_1.html,2023-03-03 22:49:00
11,04 Mar 2023 | 9:59 AM IST,"Top headlines: India Inc commits Rs 11.87 trn to AP, RBI fines Amazon Pay",Business Standard brings you top headlines at this hour,https://www.business-standard.com/article/companies/top-headlines-india-inc-commits-rs-11-87-trn-to-ap-rbi-fines-amazon-pay-123030400180_1.html,2023-03-04 09:59:00
11,06 Mar 2023 | 8:08 AM IST,"Stocks to Watch: Power Grid, HDFC, Mahanagar Gas, Naukri, IEX, Zydus Life","Stocks to Watch: Mahanagar Gas has entered into a pact to acquire Unison Enviro, a subsidiary of Ashoka Buildcon, for Rs 531 crore",https://www.business-standard.com/article/markets/stocks-to-watch-today-power-grid-hdfc-itc-ril-mahanagar-gas-naukri-iex-zydus-life-123030600064_1.html,2023-03-06 08:08:00
11,17 Mar 2023 | 10:01 PM IST,"RBI imposes Rs 500,000 fine on HDFC for non-compliance of provisions by NHB","The Reserve Bank of India on Friday said it has imposed a penalty of Rs 5 lakh on Housing Development Finance Corporation Limited (HDFC) for non-compliance with certain provisions issued by the National Housing Bank (NHB).
Giving details, the Reserve Bank of India (RBI) said a statutory inspection of the company was conducted by NHB with reference to its financial position as on March 31, 2020.
It was revealed, inter alia, that the company failed to transfer matured deposits of certain depositors to designated bank accounts of such depositors during the period 2019-20, the RBI said in a statement.
In furtherance to the same, a notice was issued to the company advising it to show cause as to why penalty should not be imposed on it for failure to comply with the directions, as stated therein.
""After considering the company's reply to the notice, additional submissions made by it and oral submissions made during the personal hearing, RBI came to the conclusion that the charge of ...",https://www.business-standard.com/article/current-affairs/rbi-imposes-rs-500-000-fine-on-hdfc-for-non-compliance-of-provisions-by-nhb-123031701267_1.html,2023-03-17 22:01:00
11,17 Mar 2023 | 11:19 PM IST,"RBI imposes fine of Rs 5,00,000 on HDFC over transfer of deposits","Reacting to the penalty imposed by the central bank, HDFC Ltd said, it will take necessary steps to comply with the directions",https://www.business-standard.com/article/companies/rbi-imposes-penalty-of-rs-500-000-on-mortgage-financier-hdfc-123031701246_1.html,2023-03-17 23:19:00
11,17 Mar 2023 | 11:34 PM IST,"NCLT okays HDFC, HDFC Bank merger, paving way for creation of finance giant",HDFC Bank awaiting clarity from the RBI on forbearances as merger gets last regulatory approval,https://www.business-standard.com/article/companies/nclt-okays-hdfc-hdfc-bank-merger-paving-way-for-creation-of-finance-giant-123031700853_1.html,2023-03-17 23:34:00
10,19 Mar 2023 | 9:52 PM IST,HDFC's exit to ease fund-raising conditions for high-rated finance firms,"It may also compress the spread for debt instruments floated by HFCs over 10-year govt bonds, subject to demand and supply conditions",https://www.business-standard.com/article/markets/hdfc-s-exit-from-market-to-ease-fund-raising-conditions-for-aaa-issuers-123031900715_1.html,2023-03-19 21:52:00
10,19 Mar 2023 | 10:24 PM IST,HDFC twins' merger: RBI may take call on relaxations closer to date,Merger expected to be completed by this July,https://www.business-standard.com/article/companies/clarity-on-dispensation-likely-closer-to-hdfc-hdfc-bank-merger-date-123031900587_1.html,2023-03-19 22:24:00
10,20 Mar 2023 | 9:55 PM IST,SBI Mutual Fund buys over 4.7 mn shares of HDFC AMC for Rs 757 cr,"SBI Mutual Fund on Monday bought 47.33 lakh shares of HDFC AMC for Rs 757 crore through an open market transaction.
According to the bulk deal data available with the National Stock Exchange (NSE), SBI Mutual Fund purchased 47,33,788 shares of the company.
The shares were acquired at an average price of Rs 1,600 apiece, taking the aggregate value at Rs 757.40 crore.
On Monday, shares of HDFC AMC closed 0.17 per cent higher at Rs 1,681 per scrip on the NSE.
In a separate bulk deal, Shrem Infra Structure Pvt Ltd offloaded shares in Shrem InvIT for Rs 178 crore through an open market transaction.
Shrem Infra Structure Pvt Ltd is the sponsor of Shrem InvIT (Shrem Infrastructure Investment Trust).
Shrem Infra Structure sold 1.56 crore shares at an average price of Rs 114 per piece, taking the transaction value at Rs 177.84 crore, as per the data available with the NSE.
Rohit Kapadia and Kairus Shavak Dadachanji A/C Non-Discretionary were the buyers of the shares.
Shares of Shrem Inv",https://www.business-standard.com/article/finance/sbi-mutual-fund-buys-over-4-7-mn-shares-of-hdfc-amc-for-rs-757-cr-123032001239_1.html,2023-03-20 21:55:00
10,04 Apr 2023 | 9:57 PM IST,"HDFC Ltd records 12% loan growth at Rs 9,340 cr in March quarter","Mortgage lender HDFC Ltd on Tuesday said it has reported a 11.6 per cent rise in loans at Rs 9,340 crore in the March quarter.
The corporation had assigned (sold) loans amounting to Rs 8,367 crore in the year-ago period, HDFC Ltd said in a regulatory filing.
Individual loans sold in the preceding 12 months were Rs 36,910 crore as against Rs 28,455 crore in the corresponding quarter of the previous year, it said.
Gross income from dividend for the quarter ended on March 31, 2023 was Rs 207 crore as compared to Rs 128 crore, it said.
During the quarter ended on March 31, 2023, it said, there was no sale of investments in subsidiary/associate companies.",https://www.business-standard.com/companies/news/hdfc-ltd-records-12-loan-growth-at-rs-9-340-cr-in-march-quarter-123040401034_1.html,2023-04-04 21:57:00
10,05 Apr 2023 | 11:05 PM IST,HDFC Bank garners record Rs 1.5 trillion deposits in a quarter,This is the highest in a three-month period since merger announcement with HDFC Ltd,https://www.business-standard.com/finance/news/hdfc-bank-exceeds-target-of-garnering-rs-1-trn-in-deposits-in-a-quarter-123040500879_1.html,2023-04-05 23:05:00
10,05 Apr 2023 | 11:09 PM IST,"HDFC twins, economic data lifts markets, Sensex gains over 2,000 points",The expansion of India's services sector for the 20th straight month further boosted sentiment,https://www.business-standard.com/markets/news/hdfc-twins-economic-data-lifts-markets-sensex-gains-2-075-points-123040500853_1.html,2023-04-05 23:09:00
10,08 Apr 2023 | 6:13 PM IST,Global headwinds to slowdown GDP growth; India resilient: HDFC's Parekh,"Global headwinds are likely to slow down India's GDP growth, but the country is more resilient than many large economies, HDFC chairman Deepak Parekh said on Saturday.
India has enough tailwinds with political stability, vaccine security, food security, a robust domestic consumption-based economy, digitisation initiatives and a robust regulatory system for the financial sector, Parekh said at SPJIMR's Centre for Family Business and Entrepreneurship (CFBE) event.
""India is not immune to the global shocks but has proved to be more resilient than many large economies. For sure, India's GDP growth will slow down because of global headwinds,"" he said.
For startups, he said, ""many investors still have plenty of dry powder for good, innovative ideas, but the days of cash burn and high valuations are behind us"".
Entrepreneurship in India has exploded because of the conducive startup environment in the country and India has the third largest number of startups after the US and China, Parekh",https://www.business-standard.com/companies/people/global-headwinds-to-slowdown-gdp-growth-india-resilient-hdfc-s-parekh-123040800536_1.html,2023-04-08 18:13:00
10,09 Apr 2023 | 11:47 AM IST,"Mcap of 8 of top-10 firms climbs Rs 82,169 cr last week; HDFC twins sparkle","Eight of the top 10 valued firms added Rs 82,169.3 crore in market valuation last week, with HDFC twins emerging as the biggest winners amid an overall positive trend in equities.
Last week, equity markets were closed on Tuesday (April 4) for 'Mahavir Jayanti' and on Friday (April 7) on account of 'Good Friday'.
The 30-share BSE Sensex climbed 841.45 points or 1.42 per cent in the holiday-shortened week.
Of the top 10 valued firms, eight including Reliance Industries, Tata Consultancy Services (TCS), HDFC Bank, Hindustan Unilever Ltd, HDFC and ITC witnessed gains in their market valuation.
From the top-10 pack, the valuation of HDFC Bank jumped Rs 31,553.45 crore to Rs 9,29,752.54 crore. HDFC's market valuation surged Rs 18,877.55 crore to Rs 5,00,878.67 crore.
Bharti Airtel added Rs 9,533.48 crore taking its valuation to Rs 4,27,111.07 crore.
The market capitalisation (mcap) of Reliance Industries rallied Rs 6,731.76 crore to Rs 15,83,824.42 crore and that of TCS climbed Rs 5,81",https://www.business-standard.com/markets/news/mcap-of-8-of-top-10-firms-climbs-rs-82-169-cr-last-week-hdfc-twins-sparkle-123040900158_1.html,2023-04-09 11:47:00
10,13 Apr 2023 | 8:00 AM IST,"Stocks to Watch: TCS, Infosys, Karnataka Bank, FRL, Jindal Stainless",Stocks to Watch today: Analysts expect Infosys to report muted quarter-on-quarter (QoQ) revenue growth between 0.1-0.7 per cent in constant currency (cc).,https://www.business-standard.com/markets/news/stocks-to-watch-today-tcs-infosys-hdfc-bank-rvnl-frl-jindal-stainless-123041300147_1.html,2023-04-13 08:00:00
10,18 Apr 2023 | 2:11 PM IST,HDFC Bank set to meet reserve ratio requirements post merger: Report,"The $40 billion merger, announced last April, is expected to conclude by July, HDFC Bank's Chief Financial Officer Srinivasan Vaidyanathan told analysts at a conference call on Saturday",https://www.business-standard.com/finance/news/hdfc-bank-set-to-meet-reserve-ratio-requirements-post-merger-report-123041800447_1.html,2023-04-18 14:11:00
10,20 Apr 2023 | 2:59 PM IST,HDFC Capital to hike stake in proptech startup Reloy by up to 2.4%,"HDFC Capital Advisors will increase its stake in proptech startup Loyalie IT Solutions (now renamed as Reloy) to up to 9.6 per cent from 7.2 per cent currently, amid surge in adoption of technologies in Indian real estate market.
According to a regulatory filing on Wednesday, HDFC Capital Advisors will acquire 1.67 lakh compulsory convertible preference share (CCPS), which post allotment will be equivalent to additional 1.8 per cent to 2.4 per cent stake in Loyalie (Reloy).
The preference shares are proposed to be acquired at Rs 89.81 per equity share, taking the transaction value to Rs 1.49 crore.
In March last year, HDFC Capital had acquired a 7.2 per cent equity stake in Loyalie IT Solutions Pvt Ltd (Reloy) for Rs 1.1 crore.
Founded by Akhil Sharaf in 2018, Reloy has been working closely with top real estate developers to create the perfect home owning journey through their customer loyalty programmes.
In the regulatory filing, Housing Development Finance Corporation (HDFC) sai",https://www.business-standard.com/finance/news/hdfc-capital-to-hike-stake-in-proptech-startup-reloy-by-up-to-2-4-123042000221_1.html,2023-04-20 14:59:00
10,21 Apr 2023 | 1:36 PM IST,ITC surpasses HDFC's m-cap to become 7th most valued listed company,"Thus far in calendar year 2023 (CY23), ITC has surged 22%, as compared to 3% decline in the S&P BSE Sensex, and 2.4% rise in HDFC Ltd",https://www.business-standard.com/markets/news/itc-surpasses-hdfc-s-m-cap-to-become-7th-most-valued-listed-company-123042100426_1.html,2023-04-21 13:36:00
10,22 Apr 2023 | 12:03 AM IST,In the run-up to merger: HDFC Bank gets RBI relief on PSL norms,Allows to raise stake in insurance JVs; No exemption on CRR/SLR,https://www.business-standard.com/finance/news/rbi-allows-hdfc-bank-to-meet-psl-target-in-3-years-post-hdfc-merger-123042100689_1.html,2023-04-22 00:03:00
10,23 Apr 2023 | 10:09 PM IST,Favourable terms,Lower cost of funds will help HDFC Bank after merger,https://www.business-standard.com/opinion/editorial/favourable-terms-123042300835_1.html,2023-04-23 22:09:00
10,26 Apr 2023 | 7:17 PM IST,HDFC-HDFC Bank merger may pave way for Adani Enterprises' Sensex inclusion,LTIMindtree may get added to Nifty; merged HDFC Bank may see $4.9 bn inflows from passive tracker,https://www.business-standard.com/markets/news/hdfc-hdfc-bank-merger-may-pave-way-for-adani-enterprises-sensex-inclusion-123042600851_1.html,2023-04-26 19:17:00
10,27 Apr 2023 | 11:43 PM IST,"HDFC likely to raise Rs 15,000 crore in 10-year bonds next week","The proposed issue is likely to have a base size of Rs 110 billion and a greenshoe option to retain an additional subscription of Rs 40 billion, bankers added",https://www.business-standard.com/markets/news/hdfc-likely-to-raise-rs-15-000-crore-in-10-year-bonds-next-week-123042701398_1.html,2023-04-27 23:43:00
10,04 May 2023 | 2:47 PM IST,"HDFC Q4 net profit up 19.5%, interim dividend of Rs 44 per share declared","HDFC Q4: The company's total revenue from operations was up 35.6% year-on-year (YoY) to Rs 16,679.43 crore",https://www.business-standard.com/companies/results/hdfc-q4-net-profit-up-19-5-interim-dividend-of-rs-44-per-share-declared-123050400586_1.html,2023-05-04 14:47:00
10,04 May 2023 | 4:33 PM IST,"HDFC Q4 profit up 20% at Rs 4,425 cr on robust net interest income",Mortgage lender's board declares an interim dividend of Rs 44 per equity share for FY23,https://www.business-standard.com/companies/results/hdfc-q4-net-profit-up-20-to-rs-4-425-cr-on-robust-net-interest-income-123050400710_1.html,2023-05-04 16:33:00
10,05 May 2023 | 9:49 AM IST,HDFC twins sink as Street fears MSCI blow may trigger $200 mn outflow,Shares of HDFC and HDFC Bank dropped up to 6 per cent. The Street had expected inflows worth $3 billion by foreign portfolio investors,https://www.business-standard.com/markets/news/hdfc-twins-sink-as-street-fears-msci-blow-may-trigger-200-mn-outflow-123050500204_1.html,2023-05-05 09:49:00
10,07 May 2023 | 10:56 AM IST,"Mcap of 4 of top 10 firms falls by Rs 56,006 cr, HDFC twins falls steepest","Four of the top 10 valued firms together lost Rs 56,006.15 crore in market valuation last week, with HDFC twins taking the biggest hit.
Last week, the 30-share BSE benchmark fell by 58.15 points or 0.09 per cent.
While HDFC Bank, State Bank of India, HDFC and Bharti Airtel faced erosion in their valuation, Reliance Industries, Tata Consultancy Services (TCS), ICICI Bank, Hindustan Unilever Limited, ITC and Infosys were the gainers, with a combined addition of Rs 44,540.05 crore in their market capitalisation (mcap).
Shares of HDFC twins fell sharply on Friday amid reports that the merged HDFC entity could see significant fund outflow.
The valuation of HDFC Bank tumbled Rs 34,547.61 crore to Rs 9,07,505.07 crore, the most among the top 10 firms.
HDFC's mcap eroded by Rs 13,584.9 crore to Rs 4,95,541.41 crore and that of Bharti Airtel fell by Rs 6,356.46 crore to Rs 4,39,153.22 crore.
The market capitalisation of State Bank of India declined by Rs 1,517.18 crore to Rs 5,14,370.01 .",https://www.business-standard.com/markets/news/mcap-of-4-of-top-10-firms-falls-by-rs-56-006-cr-hdfc-twins-falls-steepest-123050700164_1.html,2023-05-07 10:56:00
9,15 May 2023 | 7:25 PM IST,"HDFC to raise up to Rs 8,000 cr through bonds, will offer 7.7% per annum","Mortgage lender HDFC will raise up to Rs 8,000 crore by issuing bonds on a private placement basis to shore up its resources.
The unsecured redeemable non-convertible debentures (NCDs) issue will have a base size of Rs 3,000 crore with an option to retain over-subscription of up to Rs 5,000 crore.
The object of the issue is to augment the long-term resources of the Corporation, HDFC said in a regulatory filing.
The largest mortgage lender in the country said it will use the proceeds from the issue for financing or refinancing the housing finance business requirements.
The bond issue closes on May 15, 2023, it said.
Housing Development Finance Corporation (HDFC), set for a merger with its subsidiary HDFC Bank, will offer a coupon at 7.70 per cent per annum on the bonds.",https://www.business-standard.com/finance/news/hdfc-to-raise-up-to-rs-8-000-cr-through-bonds-will-offer-7-7-per-annum-123051500823_1.html,2023-05-15 19:25:00
9,16 May 2023 | 6:59 PM IST,HDFC launches India's first mutual fund focused on defence sector,"HDFC Asset Management Company Ltd on Tuesday announced the launch of the country's first mutual fund focussed on defence sector, a move that will provide investors an opportunity to participate in growth potential of this space.
The new fund offering (NFO) of HDFC Defence Fund, an open-ended equity scheme, would open on May 19 and close on June 2, HDFC AMC said in a statement.
The fund will invest at least 80 per cent of its net assets in defence and allied sector companies. Defence and allied sector stocks include stocks forming part of aerospace and defence; explosives, shipbuilding and allied services.
""In a multipolar world, defence expenditure globally is set to increase as countries enhance their defence capabilities. Self-reliance in defence led by strong R&D (Research and Development) focus and enhancement of manufacturing capabilities creates opportunity for Indian companies to serve domestic market as well as tap large export potential. This could offer a multi-decadal ..",https://www.business-standard.com/finance/personal-finance/hdfc-launches-india-s-first-mutual-fund-focused-on-defence-sector-123051600774_1.html,2023-05-16 18:59:00
9,22 May 2023 | 8:15 PM IST,Asian fund BPEA EQT closes in on study loan financer HDFC Credila,Transaction may close at a valuation of $1.2 bn; sale expedited following RBI instructions to either sell the firm or merge it with HDFC or HDFC Bank before their own merger by July,https://www.business-standard.com/companies/news/bpea-eqt-led-consortium-closes-in-on-hdfc-credila-financial-services-123052200829_1.html,2023-05-22 20:15:00
9,24 May 2023 | 3:26 PM IST,HDFC-HDFC Bank merger: HDFC AMC receives Sebi approval to change control,"Earlier in April, the company announced that the merger will be completed by July this year",https://www.business-standard.com/companies/news/hdfc-hdfc-bank-merger-hdfc-amc-receives-sebi-approval-to-change-control-123052400568_1.html,2023-05-24 15:26:00
9,11 Jun 2023 | 3:29 PM IST,"Stellar show by banks, but will it continue?",There are challenges ahead. It won't be easy for the banking sector to put up a better performance every quarter,https://www.business-standard.com/opinion/columns/steller-show-by-banks-but-will-it-continue-123061100362_1.html,2023-06-11 15:29:00
9,12 Jun 2023 | 8:50 PM IST,"HDFC to raise Rs 10,000 cr via non-convertible debentures, tenure of 10 yrs","Mortgage lender HDFC on Monday said it will raise Rs 10,000 crore by issuing non-convertible debentures (NCDs) on a private placement basis to shore up its resources.
These unsecured NCDs have a tenure of 10 years, and the coupon rate will be decided on the electronic bidding platform, HDFC said in a regulatory filing.
The object of the issue is to augment the long-term resources of the corporation, it said.
The proceeds of the issue would be utilised for financing/refinancing the housing finance business requirements, it said.",https://www.business-standard.com/finance/news/hdfc-to-raise-rs-10-000-cr-via-non-convertible-debentures-tenure-of-10-yrs-123061200926_1.html,2023-06-12 20:50:00
9,12 Jun 2023 | 9:41 PM IST,"Mortgage lender HDFC raises over Rs 13,000 cr through 10-year bonds","For FY23, its net profit grew by 18 per cent at Rs 16,239 crore as against Rs 13,742 crore in FY22",https://www.business-standard.com/companies/news/mortgage-lender-hdfc-raises-over-rs-13-000-cr-through-10-year-debentures-123061201052_1.html,2023-06-12 21:41:00
9,13 Jun 2023 | 3:56 PM IST,"RIL, ITC lift Sensex 418 pts, Nifty regains 18,700; MRF tops Rs 1-L mark","CLOSING BELL ON JUNE 13, 2023: In the broader market, the BSE MidCap index soared 1.2 per cent, while the Smallcap added 0.8 per cent on Tuesday.",https://www.business-standard.com/markets/news/stock-market-live-sensex-nifty-us-cpi-us-inflation-inox-wind-zee-ent-123061300113_1.html,2023-06-13 15:56:00
9,13 Jun 2023 | 4:01 PM IST,India set for $168 bn behemoth as HDFC merger to be completed by 20 July,Announcement of the so called 'record date' - or the cut-off day set for investors - for the swapping of shares of Housing Development Finance Corp. for HDFC Bank Ltd,https://www.business-standard.com/finance/news/india-set-for-168-bn-behemoth-as-hdfc-merger-to-be-completed-by-20-july-123061300652_1.html,2023-06-13 16:01:00
9,14 Jun 2023 | 2:15 PM IST,Mutual funds may not get holdings waiver post HDFC Bank-HDFC merger: Report,"As per SEBI rules, a mutual fund scheme cannot invest more than 10% in a single security. However, exchange-traded funds and funds that invest in particular sectors are exempt",https://www.business-standard.com/markets/mutual-fund/mutual-funds-may-not-get-holdings-waiver-post-hdfc-bank-hdfc-merger-report-123061400491_1.html,2023-06-14 14:15:00
9,14 Jun 2023 | 4:12 PM IST,"Sebi may not waive holdings rule for MFs post HDFC Bank, HDFC merger","As per SEBI rules, a mutual fund scheme cannot invest more than 10% in a single security",https://www.business-standard.com/markets/news/sebi-may-not-waive-holdings-rule-for-mfs-post-hdfc-bank-hdfc-merger-123061400489_1.html,2023-06-14 16:12:00
9,15 Jun 2023 | 8:03 PM IST,"Passive breach in HDFC-HDFC Bank: MFs to offload Rs 5,000 crore shares","However, experts do not see much of an impact on the stock prices as the HDFC twins are highly liquid names and will be able to absorb the selling pressure",https://www.business-standard.com/markets/news/passive-breach-in-hdfc-hdfc-bank-mfs-to-offload-rs-5-000-crore-shares-123061500903_1.html,2023-06-15 20:03:00
9,19 Jun 2023 | 11:57 PM IST,"Barings PE, ChrysCapital acquire 90% stake in HDFC Credila for Rs 9,060 cr","In April 2023, Reserve Bank of India had advised HDFC to bring down its stake in HDFC Credila to 10%",https://www.business-standard.com/finance/news/barings-pe-chryscapital-acquire-90-stake-in-hdfc-credila-for-rs-9-060-cr-123061900956_1.html,2023-06-19 23:57:00
9,20 Jun 2023 | 7:44 PM IST,CCI approves acquisition of stake by mortgage lender HDFC in 2 insurers,"These approvals will help pave the way for the merger of HDFC into HDFC Bank, expected to be finalised by the third quarter of this financial year",https://www.business-standard.com/companies/news/cci-approves-acquisition-of-stake-by-mortgage-lender-hdfc-in-2-insurers-123062000591_1.html,2023-06-20 19:44:00
9,21 Jun 2023 | 4:11 PM IST,"Sensex ends off record high, rises 195 pts; HDFC twins gain 2%, ITC dips","Closing Bell on June 21, 2023: The benchmark S&P BSE Sensex scaled a fresh all-time high of 63,588 on the BSE in the intra-day trade on Wednesday",https://www.business-standard.com/markets/news/stock-market-live-sensex-nifty-in-green-shriram-fin-piramal-ent-up-10-123062100104_1.html,2023-06-21 16:11:00
9,25 Jun 2023 | 4:19 PM IST,Behind Credila's success on education loan turf,"Education finance is a complex and dynamic sector. There are too many variables - the course, the calibre of students, the universities, and the job prospects once the course is over",https://www.business-standard.com/opinion/columns/behind-credila-s-success-on-education-loan-turf-123062500371_1.html,2023-06-25 16:19:00
9,27 Jun 2023 | 2:37 PM IST,"HDFC, HDFC Bank merger effective July 1; HDFC shares delisting on July 13","Deepak Parekh said that HDFC Bank has assured them that ""each and every employee of HDFC under age of 60"" will be absorbed and their salaries will not be reduced",https://www.business-standard.com/companies/news/hdfc-hdfc-bank-merger-effective-on-july-1-hdfc-shares-delisting-on-jul-13-123062700413_1.html,2023-06-27 14:37:00
9,27 Jun 2023 | 3:55 PM IST,HDFC twins' merger may take effect July 1; boards to meet on June 30,HDFC shares will not be traded after July 13,https://www.business-standard.com/companies/news/hdfc-twins-merger-effective-from-1-july-says-chairman-deepak-parekh-123062700471_1.html,2023-06-27 15:55:00
9,27 Jun 2023 | 8:15 PM IST,RBI relaxes restrictions on HDFC Credila over on-boarding of new customers,"The RBI had also asked for the shareholding of HDFC Bank in HDFC Credila to be brought down to 10% on or before March 31, 2024, the company said in the filing",https://www.business-standard.com/finance/news/rbi-relaxes-restrictions-on-hdfc-credila-over-on-boarding-of-new-customers-123062700866_1.html,2023-06-27 20:15:00
9,28 Jun 2023 | 8:04 AM IST,"Stocks to Watch: SBI, HDFC twins, JSW Steel, Vedanta, TCNS, ITC, ABFRL","Stocks to watch on June 28, 2023: HDFC said the announced dates for its merger into HDFC Bank are tentative and subject to completion of certain formalities; JSW Steel could replace HDFC in Sensex",https://www.business-standard.com/markets/news/stocks-to-watch-today-sbi-hdfc-twins-jsw-steel-vedanta-market-updates-june-28-2023-123062800089_1.html,2023-06-28 08:04:00
8,28 Jun 2023 | 1:31 PM IST,HDFC-HDFC Bank merger: The story behind success of housing finance behemoth,"In a press conference on June 27, HDFC's chairman Deepak Parekh said that the board of these two companies will meet on June 30 to finalise the merger and it will be effective on July 1",https://www.business-standard.com/companies/news/hdfc-hdfc-bank-merger-a-look-at-brief-history-of-housing-finance-behemoth-123062800327_1.html,2023-06-28 13:31:00
8,29 Jun 2023 | 4:24 PM IST,Sebi sees no need for more time to MFs for realigning portfolios in HDFC,"The market regulator Sebi does not see any need for giving more time to mutual fund houses with large holdings in the merger-bound HDFC twins, to realign their portfolios post-merger since there's no material data and given the highly liquid nature of these stocks demanding such an extension.
In the biggest merger in the history of India Inc, HDFC in April 2022 said it would merge with its own banking subsidiary in a USD 40-billion all-stock deal -- after 46 years of being a home loan financier and in between creating the country's largest private sector bank and four other financial sector brands in the insurance, AMC and brokerage businesses.
And this Tuesday (June 27), HDFC chairman Deepak Parekh said the boards of the Corporation and HDFC Bank will meet on June 30 to finalise the last contours of the merger which is expected to be effective July 1..
He has also said that would be the last meeting of HDFC board and also his as the chairman after working in the company from day on",https://www.business-standard.com/markets/news/sebi-sees-no-need-for-more-time-to-mfs-for-realigning-portfolios-in-hdfc-123062900416_1.html,2023-06-29 16:24:00
8,30 Jun 2023 | 8:29 AM IST,Homegrown bank giant bigger than Morgan Stanley to arise from India merger,"The tieup of HDFC Bank & Housing Development Finance Corp creates a lender that ranks 4th in equity m-cap, behind JPMorgan Chase, Industrial and Commercial Bank of China and Bank of America Corp",https://www.business-standard.com/finance/news/homegrown-bank-giant-bigger-than-morgan-stanley-to-arise-from-india-merger-123063000107_1.html,2023-06-30 08:29:00
8,30 Jun 2023 | 5:01 PM IST,HDFC Bank will preserve 'HDFC way of working' after merger: Deepak Parekh,Parekh said that the cross-selling of assets and liabilities of HDFC's home loan business will be done 'seamlessly' through their digital platforms.,https://www.business-standard.com/companies/news/hdfc-bank-will-preserve-hdfc-way-of-working-after-merger-deepak-parekh-123063000549_1.html,2023-06-30 17:01:00
8,30 Jun 2023 | 9:36 PM IST,Home loan pioneer finds a new home: HDFC journey will complete on July 1,"The journey will complete on July 1, 2023, the date on which the merger with HDFC Bank comes into effect",https://www.business-standard.com/companies/news/home-loan-pioneer-hdfc-finds-a-new-home-123063000861_1.html,2023-06-30 21:36:00
8,30 Jun 2023 | 10:02 PM IST,Recipe for Keki Mistry's secret sauce: Growth seasoned with governance,"Starting his career in 1975 with accountancy firm A. F. Ferguson & Co., he later had brief stints at Hindustan Unilever and Tata Group's hospitality arm, Indian Hotels Company",https://www.business-standard.com/companies/news/profitable-growth-with-strong-governance-sums-up-keki-mistry-s-career-123063000840_1.html,2023-06-30 22:02:00
8,30 Jun 2023 | 11:45 PM IST,Deepak Parekh passes the baton to 'Sashi' with 'hope and anticipation',"Parekh also touched upon the issue of work culture, which is seen as a crucial piece in any merger",https://www.business-standard.com/companies/news/deepak-parekh-hangs-his-boot-with-reposing-confidence-in-sashi-jagadishan-123063000743_1.html,2023-06-30 23:45:00
8,01 Jul 2023 | 7:55 AM IST,"Top headlines: HDFC-HDFC Bank merger, OMCs and discounts on Russian crude",Business Standard brings you the top headlines at this hour,https://www.business-standard.com/india-news/top-headlines-hdfc-hdfc-bank-merger-omcs-and-discounts-on-russian-crude-123070100105_1.html,2023-07-01 07:55:00
8,01 Jul 2023 | 3:44 PM IST,"HDFC Bank starts rebranding HDFC Ltd offices, branches after merger","HDFC Bank started rebranding offices of erstwhile HDFC Ltd with its colours on Saturday, on the first day of operations as a merged entity.
Branding at all over the 500 offices and branches of the home loan major started getting the HDFC Bank look from Saturday morning onwards, officials said.
The entire exercise of changing the look at HDFC Ltd's offices and branches is slated to take about 24 hours, they said, adding that HDFC Ltd's corporate headquarters at Ramon House is among the places where the branding has already been changed.
HDFC Ltd, the parent of the country's largest private sector lender, merged into HDFC Bank on Saturday, with boards of both the entities clearing the plan first presented on April 4 last year. HDFC Ltd, the largest pure-play home financier, ceases to exist 44 years after it was founded.
Sashidhar Jagdishan, the managing director and chief executive of the HDFC Bank, is slated to address a townhall later in the evening. Over 3,500 employees of HDFC ha",https://www.business-standard.com/companies/news/hdfc-bank-starts-rebranding-hdfc-ltd-offices-branches-after-merger-123070100318_1.html,2023-07-01 15:44:00
8,01 Jul 2023 | 7:22 PM IST,"Mistry, Karnad to join HDFC Bank board, CFO Rangan to be executive director",The merger of HDFC with HDFC Bank created a banking behemoth with a market cap of $180 billion - the fourth largest  bank in the world,https://www.business-standard.com/companies/people/mistry-karnad-to-join-hdfc-bank-board-cfo-rangan-to-be-executive-director-123070100495_1.html,2023-07-01 19:22:00
8,01 Jul 2023 | 11:31 PM IST,Merger raises HDFC Bank's total business to over Rs 41 trn in FY23,"The reverse merger of HDFC with its subsidiary HDFC Bank effective Saturday has increased the total business of the merged entity to over Rs 41 lakh crore, closer to the country's biggest lender SBI.
The total business (deposit and advances) of State Bank of India (SBI) stood at Rs 70.30 lakh crore at the end of March 31, 2023.
However, the combined profit is higher at Rs 60,000 crore as compared to Rs 50,232 crore recorded by SBI in FY23.
Post-merger, HDFC Bank became the fourth most valued lender in the world, and narrowed the gap by asset size with state-owned SBI to be the second largest Indian bank.
The total business of the merged entity stood at Rs 41 lakh crore at the end of March 2023. With the merger, the networth of the entity would be over Rs 4.14 lakh crore.
Following the merger, the capital of HDFC Bank increased to Rs 1,190.61 crore with the power to increase or reduce the share capital.
HDFC Investments and HDFC Holdings have been amalgamated with and into HDFC ..",https://www.business-standard.com/companies/news/merger-raises-hdfc-bank-s-total-business-to-over-rs-41-trn-in-fy23-123070100638_1.html,2023-07-01 23:31:00
8,03 Jul 2023 | 10:07 AM IST,"Top headlines: HDFC Bank to become top weight, FPI inflow hit 10-month high",Business Standard brings all the latest headlines at this hour,https://www.business-standard.com/economy/news/july-03-2023-top-news-headlines-today-hdfc-bank-to-become-top-weight-fpi-inflow-hit-10-month-high-india-russia-oil-import-123070300149_1.html,2023-07-03 10:07:00
8,03 Jul 2023 | 10:16 AM IST,HDFC twins gain up to 3% after they fix July 13 as record date for merger,"HDFC Bank hit a record high of Rs 1,744.70, while HDFC hit a 52-week high of Rs 2,900.60. The stocks have rallied 7 per cent in the past four trading days",https://www.business-standard.com/markets/news/hdfc-twins-gain-up-to-3-after-they-fix-july-13-as-record-date-for-merger-123070300161_1.html,2023-07-03 10:16:00
8,03 Jul 2023 | 10:46 AM IST,"How HDFC merger impacts home loan borrowers, FD investors, account holders","The terms of your FD along with interest rates, interest computation methodology, tenure, maturity instructions and pay-outs will remain same until maturity/renewal of your FD.",https://www.business-standard.com/finance/personal-finance/how-hdfc-merger-impacts-home-loan-borrowers-fd-investors-account-holders-123070300168_1.html,2023-07-03 10:46:00
8,03 Jul 2023 | 1:03 PM IST,"HDFC Bank: Despite merger, stock may remain sideways, caution analysts","Shares of HDFC Bank gained 3.2 per cent on the BSE in Monday's intra-day trade to hit a fresh record high of Rs 1,758 apiece",https://www.business-standard.com/markets/news/hdfc-bank-share-price-hdfc-bank-despite-merger-stock-may-remain-sideways-caution-analysts-123070300323_1.html,2023-07-03 13:03:00
8,04 Jul 2023 | 7:25 AM IST,"For advising on $64 billion HDFC Bank deal, bankers get a 0.0002% fee","HDFC's all-stock merger into HDFC Bank Ltd., which created one of the most valuable banks in the world, has about 18 advisers who got credit for a fee pool of just over $1 million",https://www.business-standard.com/companies/news/for-advising-on-64-billion-hdfc-bank-deal-bankers-get-a-0-0002-fee-123070400070_1.html,2023-07-04 07:25:00
8,05 Jul 2023 | 9:41 AM IST,HDFC Bank-HDFC's combined loan book up 13.1%; deposits up 16.2% in Q1,"Sequentially, merged entity's advances rose by 0.7% to Rs 22.30 trillion as of March 31",https://www.business-standard.com/companies/news/merged-loan-book-with-hdfc-at-273-8-bn-as-of-june-end-hdfc-bank-123070500097_1.html,2023-07-05 09:41:00
8,05 Jul 2023 | 11:28 AM IST,HDFC evaluates promoter Jain's offer for 2 Radisson Blu hotels in Ghaziabad,"The total outstanding loan for the hotel properties amounts to Rs 507 crore and the loan has been categorised as a special mention account (SMA) 2, as of June",https://www.business-standard.com/companies/news/hdfc-evaluates-promoter-jain-s-offer-for-2-radisson-blu-hotels-in-ghaziabad-123070500229_1.html,2023-07-05 11:28:00
8,05 Jul 2023 | 6:59 PM IST,JSW Steel to replace HDFC in 30-share S&P BSE Sensex from Jul 13,"In S&P BSE 500, JBM Auto Components Ltd will replace HDFC and in S&P BSE 100, Zomato will be included in place of the mortgage lender",https://www.business-standard.com/markets/news/jsw-steel-to-replace-hdfc-in-30-share-s-p-bse-sensex-from-jul-13-post-123070500726_1.html,2023-07-05 18:59:00
8,05 Jul 2023 | 10:15 PM IST,M&A value nosedives 75% to $32.6 bn in H1 of 2023 despite record volume,"The value of merger and acquisition (M&A) deals plunged 75 per cent to USD 32.6 billion in the first half of 2023 even as the number of such deals crossed an all-time high of 1,400, according to industry data.
More than 1,400 transactions in the first half, up 5.2 per cent on-year, made the first half of 2023 busiest semiannual period in terms of number of deals since records began in 1980.
But the overall value of M&As fell 75 per cent to USD 32.6 billion during the period due to the lack of mega deals above USD 5 billion, unlike last year when the HDFC twins announced the USD 40 billion record-breaking deal last April, according to financial markets data provider Refinitiv, a part of the London Stock Exchange Group.
The volume rose because the market saw a healthier level of mid-market transactions dominating the deal street.
No deals bigger than USD 1 billion was announced during the first quarter of 2023, but there were four deals within the USD 1-billion range announced ..",https://www.business-standard.com/industry/news/m-a-value-nosedives-75-pc-to-usd-32-6-billion-in-first-half-of-2023-despite-record-volume-123070500795_1.html,2023-07-05 22:15:00
7,05 Jul 2023 | 10:54 PM IST,LIVE: Sharad Pawar calls NCP's National Executive meeting in Delhi tomorrow,Catch all the latest LIVE updates from across the globe,https://www.business-standard.com/india-news/latest-news-live-updates-politics-news-business-updates-stock-market-123070500115_1.html,2023-07-05 22:54:00
7,06 Jul 2023 | 7:20 AM IST,India Banks: Merger of HDFC Bank with HDFC is a serious makeover,"Of the two big changes expected this year, one has just occurred and created a juggernaut bigger than Morgan Stanley",https://www.business-standard.com/companies/news/india-banks-merger-of-hdfc-bank-with-hdfc-is-a-serious-makeover-123070600095_1.html,2023-07-06 07:20:00
7,07 Jul 2023 | 6:50 PM IST,HDFC merger may lead to 300 bps deceleration in credit demand: Report,"The USD 40-bllion merger of the HDFC twins may lead to a 300-basis points deceleration in credit off-take to 13-13.5 per cent this fiscal from a tad over 15 per cent last fiscal, a report said.
Credit off-take grew 15.4 per cent on-year to Rs 140.2 lakh crore for the fortnight to June 16, driven by personal loans and lending to non-banks, up from 13.2 per cent a year ago.
Meanwhile, deposits also saw a healthy growth at 12.1 per cent on-year in the same fortnight partly supported by the withdrawal of the Rs 2,000 bank notes.
This had the spread between credit and deposits growth dropping to 337 basis points (bps) in the reporting fortnight from 875 bps in November 2022, which was the largest in recent years, Care Ratings said in a note.
In absolute terms, for the trailing 12 months, deposits expanded by Rs 20 lakh crore while incremental credit expanded by Rs 18.7 lakh crore from Rs 14.1 lakh crore, the note said.
Even though forecasting for a healthy growth in demand for credit,",https://www.business-standard.com/companies/people/hdfc-merger-may-lead-to-300-bps-deceleration-in-credit-demand-report-123070700709_1.html,2023-07-07 18:50:00
7,07 Jul 2023 | 7:35 PM IST,HDFC Bank to replace HDFC Ltd on MSCI Global indexes from July 13,"Still, HDFC Bank's shares are up 2% so far this year, while HDFC's shares have gained 5%, but are both underperforming the blue-chip Nifty 50, which is up 6.8%",https://www.business-standard.com/markets/news/hdfc-bank-to-replace-hdfc-ltd-on-msci-global-indexes-from-july-13-123070700749_1.html,2023-07-07 19:35:00
7,13 Jul 2023 | 10:59 AM IST,IT major LTIMindtree replaces HDFC on NSE's benchmark Nifty 50 index,LTIMindtree was formed after the merger of L&T Infotech (LTI) and Mindtree and commenced trading on the Indian stock market under its new name in December 2022,https://www.business-standard.com/markets/news/it-major-ltimindtree-replaces-hdfc-on-nse-s-benchmark-nifty-50-index-123071300253_1.html,2023-07-13 10:59:00
7,13 Jul 2023 | 10:24 PM IST,LTI Mindtree replaces HDFC in benchmark Nifty; JSW Steel added to Sensex,Analysts said going ahead LTIMindtree and JSW might benefit as both the indices are popular benchmarks for ETFs,https://www.business-standard.com/companies/news/lti-mindtree-replaces-hdfc-in-benchmark-nifty-jsw-steel-added-to-sensex-123071300646_1.html,2023-07-13 22:24:00
7,17 Jul 2023 | 12:50 PM IST,"HDFC Bank crosses $100 billion valuation, becomes world's 7th largest bank","On Monday, the bank's market capitalisation crossed $150 billion, making it bigger than Morgan Stanley, Goldman Sachs and Bank of China",https://www.business-standard.com/companies/news/hdfc-bank-crosses-100-billion-valuation-becomes-world-s-7th-largest-bank-123071700307_1.html,2023-07-17 12:50:00
7,17 Jul 2023 | 1:15 PM IST,"HDFC Bank Q1FY24 results: Net profit jumps 30% to Rs 11,952 crore",The bank's gross non-performing assets (GNPAs) rose slightly to 1.17 per cent in Q1FY24 as compared to 1.12 per cent in Q4FY23,https://www.business-standard.com/companies/results/hdfc-bank-q1fy24-results-net-profit-jumps-30-to-rs-11-952-crore-123071700329_1.html,2023-07-17 13:15:00
7,18 Jul 2023 | 7:53 AM IST,"Stocks to watch: IndusInd Bank, Ashok Leyland, Patanjali Foods, Ircon, IOC","Stocks to watch on July 18, 2023: From Ashok Leyland to Tata Elxsi, check out the top stocks to watch in Tuesday's trading session",https://www.business-standard.com/markets/news/stocks-to-watch-today-july-18-indusind-bank-ashok-leyland-patanjali-foods-ircon-ioc-adani-gas-others-123071800082_1.html,2023-07-18 07:53:00
7,25 Jul 2023 | 8:42 PM IST,No slowdown in affordable housing space: PNB Housing Finance MD & CEO,"In the short, medium, and long term, the demand is quite robust in the affordable housing segment, which is big and accounts for 32-35 per cent of the share in the mortgage industry",https://www.business-standard.com/companies/interviews/no-slowdown-in-the-affordable-housing-space-pnb-housing-s-girish-kousgi-123072500819_1.html,2023-07-25 20:42:00
7,08 Aug 2023 | 11:15 PM IST,CCI clears proposed acquisition of HDFC Credila Financial Services,"Anti-trust regulator CCI on Tuesday cleared the proposed purchase of 90 per cent equity stake in HDFC Credila Financial Services by a private equity consortium of BPEA EQT and ChrysCapital.
The buyers are Kopvoorn, part of the BPEA EQT group, and three ChrysCapital group entities -- Moss Investments, Infinity Partners and Defati Investments Holding.
The proposed combination pertains to the acquisition by the acquirers of equity shares comprising about 90 per cent of the shareholding and voting rights of HDFC Credila, according to an official release.
HDFC Credila Financial Services (HDFC Credila) is a Reserve Bank of India-registered non-banking financial company (NBFC) engaging in the business of providing retail education loans.
The Competition Commission of India (CCI) said it has approved the proposed deal.
In June, HDFC Ltd, HDFC Bank and HDFC Credila announced that they have entered into definitive agreements to sell a majority stake in HDFC Credila to a private equity ...",https://www.business-standard.com/companies/news/cci-clears-proposed-acquisition-of-hdfc-credila-financial-services-123080800936_1.html,2023-08-08 23:15:00
7,11 Aug 2023 | 8:45 PM IST,HDFC Bank CEO flags funding risk; says net interest margins to be hit,"HDFC Bank chief Sashidhar Jagdishan on Friday flagged funding as a risk for the lender after the successful USD 40 billion amalgamation with its parent.
""As you know, the risks of the merger is the funding part of it,"" Jagdishan told shareholders of the largest private sector lender at its maiden annual general meeting after the merger came into effect from July 1.
It can be noted that the bank has not been fully successful in getting all the forbearance it had sought from the Reserve Bank of India (RBI) on the liabilities front. The RBI refused to provide any exemptions on Cash Reserve Ratio (CRR) and Statutory Liquidity Ratio (SLR) requirements on the deposits that come from HDFC, which was a deposit-taking entity.
Additionally, questions were raised about the likely impact on HDFC Bank with respect to the RBI's move to put an incremental CRR of 10 per cent on deposit accretions in all the scheduled commercial banks after May.
Jagdishan exuded confidence that the bank will be abl",https://www.business-standard.com/companies/news/hdfc-bank-ceo-flags-funding-risk-says-net-interest-margins-to-be-hit-123081100723_1.html,2023-08-11 20:45:00
7,14 Aug 2023 | 10:17 PM IST,HDFC Bank merger helped boost credit offtake to 19.7%: Care Ratings,"The merger of HDFC with HDFC Bank has pushed credit offtake by an incremental 500 basis points to 19.7 per cent for the fortnight to July 28, excluding which the system-wide lending growth was only 14.7 per cent on-year, according to a report.
The largest pure-play mortgage lender HDFC merged with its own banking subsidiary on July 1 in a record USD 40 billion all stocks merger, creating a banking behemoth with a balance sheet of over Rs 23 lakh crore.
Credit offtake continued to show robust growth, increasing by 19.7 per cent on-year to reach Rs 148 lakh crore for the fortnight to July 28. This was primarily driven by the impact of the HDFC-HDFC Bank merger as well as growth in personal loans and loans to NBFCs, Care Ratings said in the report.
If the merger impact is excluded, credit grew at a lower 14.7 per cent on-year for the fortnight, it noted.
Deposits too witnessed healthy growth, increasing by 12.9 per cent for the fortnight, including the merger impact.
Growth has not b",https://www.business-standard.com/companies/news/hdfc-bank-merger-helped-boost-credit-offtake-to-19-7-care-ratings-123081400910_1.html,2023-08-14 22:17:00
7,15 Aug 2023 | 9:38 PM IST,Now there's greater diversity in way funds are managed at HDFC MF: Setalvad,"Our size may be large but we are one of the smallest in terms of weighted average market cap, said Chirag Setalvad",https://www.business-standard.com/companies/interviews/now-there-s-greater-diversity-in-way-funds-are-managed-at-hdfc-mf-setalvad-123081500456_1.html,2023-08-15 21:38:00
7,20 Aug 2023 | 10:55 PM IST,HDFC MF pares 2.12% stake in Garden Reach Shipbuilders and Engineers,"HDFC Mutual Fund (MF) has pared 2.12 per cent stake in Garden Reach Shipbuilders and Engineers (GRSE) between February 28 and August 17, held by its schemes.
The MF, informing the bourses, said it held a 7.4 per cent stake in GRSE as on February 28, and this has come down to 5.28 per cent as on August 17.
HDFC Balanced Advantage Fund is the MF scheme that holds a stake in GRSE. As on June 30, this scheme held a 6.04 per cent stake in the company, BSE data showed.
On the other hand, foreign portfolio investors (FPIs) held a 3.11 per cent stake in GRSE as on June 30, 2023. The government holds 74.5 per cent of the city-based PSU.
GRSE shares rose 28.53 per cent during the week to close at Rs 748.55 in NSE with a high volume of trading.
Foreign Portfolio Investors hold 3.11 per cent in the PSU warship maker as on June 30.
Other PSU port stocks like Mazgaon Dock and Cochin Shipyard also rose during the week.",https://www.business-standard.com/markets/mutual-fund/hdfc-mf-pares-2-12-stake-in-garden-reach-shipbuilders-and-engineers-123082000416_1.html,2023-08-20 22:55:00
7,21 Aug 2023 | 10:45 AM IST,HDFC Bank wants to ride India consumer boom after home loan dominance,"The Mumbai-based bank is converting about 530 offices that previously specialized in mortgages into ones with fully-fledged banking services in the coming months, said Kaizad Bharucha",https://www.business-standard.com/finance/news/hdfc-bank-wants-to-ride-india-consumer-boom-after-home-loan-dominance-123082100172_1.html,2023-08-21 10:45:00
7,24 Aug 2023 | 10:37 PM IST,HDFC Bank signs MoU with StartupTN to foster entrepreneurship in Tamil Nadu,"Private sector HDFC Bank has signed a memorandum of understanding with StartupTN to promote innovation and entrepreneurship in Tamil Nadu, the bank said on Thursday.
Through the partnership, the bank aims to contribute significantly towards the growth and success of startups present in the state.
StartupTN, is backed by the Tamil Nadu government and aims to nurture a vibrant startup ecosystem in Tamil Nadu resulting in innovation and entrepreneurship driven employment and economic growth.
The agreement was signed between HDFC Bank Senior Vice-President and Circle Head, Coimbatore, Ilamurugu Karunakaran and StartupTN Mission Director and CEO Shivarajah Ramanathan during the Tamil Nadu Startup Thiruvizha 2023 held in Coimbatore recently.
""In Tamil Nadu alone we have more than 6,000 Department for Promotion of Industry and Internal Trade recognised startups. StartupTN has done transformational work to support startups across stages in the state and we hope to leverage their network an",https://www.business-standard.com/india-news/hdfc-bank-signs-mou-with-startuptn-to-foster-entrepreneurship-in-tamil-nadu-123082400940_1.html,2023-08-24 22:37:00
7,25 Aug 2023 | 9:51 AM IST,"An inheritance issue, luxury at the movies: Top personal finance stories",What does the law say about the rights of children born of invalid marriages; how are multiplexes wooing viewers: Our newsletter explains,https://www.business-standard.com/finance/personal-finance/an-inheritance-issue-luxury-at-the-movies-top-personal-finance-stories-123082500204_1.html,2023-08-25 09:51:00
7,05 Sep 2023 | 4:06 PM IST,Indian insurers tweak trading strategy as bond-swap spread widens,"FRAs are agreements that insurers enter into with banks to lock in rates on long-dated bonds, helping them offer guaranteed returns to policyholders",https://www.business-standard.com/industry/news/indian-insurers-tweak-trading-strategy-as-bond-swap-spread-widens-123090500753_1.html,2023-09-05 16:06:00
7,07 Sep 2023 | 10:03 PM IST,Choosing to be non-executive HDFC chair my biggest challenge: Deepak Parekh,"Veteran banker Deepak Parekh on Thursday said the biggest challenge for him was choosing to be a non-executive chairman of HDFC 13 years ago when he turned 65, a decision which he ""still regrets, but is also happy about"".
In a fireside chat with BCG India Chairman Janmejaya Sinha on the third and final day of the Global Fintech Summit, Parekh also said that he has no such plans as he does not have the ""thick skin to be a politician"".
He was responding to a query on whether he has any plans to enter politics.
While mentioning about his decision to relinquish his position as the chairman in 2010, Parekh said the HDFC board as well as his family were against the move.
""But I chose to do so because had I stayed on, it would have closed the door on my the next-in-line leadership to grow and move to the corner room in the Ramon House (HDFC headquarters in south Mumbai),"" Parekh, now 78, said.
""As a result, which I regret to some extent now, for the past 13 years ending June 30 this year",https://www.business-standard.com/companies/news/choosing-to-be-non-executive-hdfc-chair-my-biggest-challenge-deepak-parekh-123090701193_1.html,2023-09-07 22:03:00
6,20 Sep 2023 | 10:20 PM IST,"HDFC shares fell after management indicates asset quality, margin pressure","HDFC Bank said the gross non-performing asset ratio has increased to 1.4% from 1 July, following the merger, as compared to 1.2% of HDFC Bank's as of end of the first quarter",https://www.business-standard.com/markets/news/hdfc-shares-fell-after-management-indicates-asset-quality-margin-pressure-123092000994_1.html,2023-09-20 22:20:00
6,24 Sep 2023 | 8:19 PM IST,We want to be No. 1 in affordable housing by FY26: Ravi Subramanian,"RAVI SUBRAMANIAN, managing director and chief executive officer, feels that the sector is in a sweet spot, and capital will not be a constraint for the better-run players",https://www.business-standard.com/markets/interviews/we-want-to-be-no-1-in-affordable-housing-by-fy26-ravi-subramanian-123092400823_1.html,2023-09-24 20:19:00
6,25 Sep 2023 | 8:15 PM IST,HDFC Securities looks to gain active clients with a new trading app,"With the launch, the broker will be competing with low-price broking services with a flat pricing of Rs 20 per all intraday trades and delivery",https://www.business-standard.com/markets/news/hdfc-securities-looks-to-gain-active-clients-with-a-new-trading-app-123092501113_1.html,2023-09-25 20:15:00
6,16 Oct 2023 | 7:19 PM IST,A risky misstep: Prioritising near-term goals over retirement savings,Too many loans can diminish your ability to save; spending lavishly on children's weddings can also hurt,https://www.business-standard.com/finance/personal-finance/a-risky-misstep-prioritising-near-term-goals-over-retirement-savings-123101600950_1.html,2023-10-16 19:19:00
6,31 Oct 2023 | 11:08 PM IST,Mixed show for AMCs in second quarter; limited scope for stock rally,"From a stock performance perspective, analysts appear to be divided, with many anticipating only modest returns due to valuation concerns",https://www.business-standard.com/companies/results/mixed-bag-q2-performance-leaves-analysts-divided-on-amc-prospects-123103100899_1.html,2023-10-31 23:08:00
6,01 Nov 2023 | 4:30 PM IST,"HDFC Regalia credit card: Lounge access restricted, will depend on spend",Cardholders who spend Rs 1 lakh or more in a calendar quarter can avail of up to two complimentary lounge access vouchers as part of the quarterly milestone benefit.,https://www.business-standard.com/finance/personal-finance/hdfc-regalia-credit-card-lounge-access-wil-lbe-based-on-how-much-you-spend-123110100763_1.html,2023-11-01 16:30:00
6,06 Nov 2023 | 3:03 PM IST,HDFC Hybrid Debt Fund: Delivering returns with an enhanced credit profile,"Shobhit Mehrotra and Srinivasan Ramamurthy have been managing this fund since September 2007 and December 2021, respectively",https://www.business-standard.com/markets/news/hdfc-hybrid-debt-fund-delivering-returns-with-an-enhanced-credit-profile-123110500516_1.html,2023-11-06 15:03:00
6,15 Nov 2023 | 10:19 PM IST,Deposits mobilisation overtakes credit in fortnight; credit up 16%,"According to Reserve Bank of India data, sequentially, loans grew by Rs 1.28 trillion from Rs 148.52 trillion as on October 20, 2023",https://www.business-standard.com/industry/banking/deposits-mobilisation-overtakes-credit-in-fortnight-credit-up-16-123111501229_1.html,2023-11-15 22:19:00
6,27 Dec 2023 | 11:23 PM IST,HDFC Bank gets board nod for extension to Atanu Chakraborty as chairman,"Country's biggest private sector lender HDFC Bank on Wednesday said its board has approved three years extension to Atanu Chakraborty as non-executive chairman.
The board has recommended the re-appointment of Chakraborty as the part-time non-executive chairman and independent director of the bank to the Reserve Bank of India (RBI), for a second term of three years with effect from May 5, 2024 to May 4, 2027, HDFC Bank said in a regulatory filing.
The re-appointment will be subject to the approval of the RBI and the shareholders of the bank, it said.
He was appointed chairman of the bank in May 2024. Chakraborty, a 1985 batch IAS officer of Gujarat cadre, retired as Secretary of Department of Economic Affairs in April 2020.
Prior to that, he was Secretary of Department of Investment and Public Asset Management (DIPAM). Both departments come under the finance ministry.",https://www.business-standard.com/pti-stories/national/hdfc-bank-gets-board-approval-for-3-years-extension-to-atanu-chakraborty-as-chairman-123122700495_1.html,2023-12-27 23:23:00
6,28 Dec 2023 | 5:53 PM IST,Year Ender: 10 big events that shaped the Indian corporate world in 2023,"From Hindenburg's report on the Adani Group to the signing of the biggest aircraft orders by Air India and Indigo, India saw several important corporate news in 2023. Here are the 10 most significant",https://www.business-standard.com/companies/news/year-ender-10-big-events-that-shaped-the-indian-corporate-world-in-2023-123122800820_1.html,2023-12-28 17:53:00
6,05 Jan 2024 | 10:11 PM IST,"Q3 securitisation volume falls 17% to Rs 38,000 cr, but up 20% in 9 months","Securitisation volume has declined 17 per cent year-on-year to Rs 38,000 crore in Q3 from Rs 46,000 crore but grown 20 per cent to Rs 1.4 lakh crore during the first nine months of the current fiscal.
However, analysts expect the volume recouping and closing the final quarter much higher.
Rating agencies Crisil and Icra have, in separate reports, said the growth momentum will continue, given the positive regulatory changes, wider participation, and innovative structures nudging growth.
The decline in the third quarter volume is primarily due to the exit of the largest player from the market as HDFC merged with its banking arm on July 1.
Securitisation volume has declined to Rs 38,000 crore in Q3 from Rs 46,000 in the year-ago period. But the volume for the first three quarters rose to Rs 1.4 lakh crore, ratings agencies Icra and Crisil said in separate notes on Friday.
According to this agency, the fall was primarily due to the Reserve Bank massively increasing the capital ...",https://www.business-standard.com/companies/news/q3-securitisation-volume-falls-17-to-rs-38-000-cr-but-up-20-in-9-months-124010501261_1.html,2024-01-05 22:11:00
6,11 Jan 2024 | 11:24 PM IST,"HDFC AMC PAT surges 32% to Rs 488 cr, income up 23% in Oct-Dec quarter","HDFC Asset Management Company Ltd (HDFC AMC) on Thursday reported a 32 per cent year-on-year jump in profit after tax (PAT) at Rs 488 crore for the three months ended December 2023.
In comparison, the company had posted a PAT of Rs 369.16 crore in the year-ago period, HDFC AMC said in a regulatory filing.
The company's total income surged 23 per cent year-on-year to Rs 814.17 crore in the October-December quarter of the current fiscal (FY24), from Rs 663 crore in the year-ago period.
During the period ended December 31, 2023, the asset management firm paid a final dividend of Rs 48 per equity share (face value of Rs 5 each) for the year ended March 31, 2023.
For the nine months ended December 31, 2023, the company clocked a PAT of Rs 1,402 crore and total income of Rs 2,312.14 crore.
HDFC AMC is an investment manager for HDFC Mutual Fund, one of the largest mutual funds in the country.
Shares of HDFC AMC were trading 2.30 per cent higher at Rs 3,496.25 on the BSE.",https://www.business-standard.com/companies/results/hdfc-amc-pat-surges-32-to-rs-488-cr-income-up-23-in-oct-dec-quarter-124011100447_1.html,2024-01-11 23:24:00
6,16 Jan 2024 | 4:42 PM IST,"HDFC Bank Q3 results: Profit up 34% at Rs 16,373 crore, GNPA rises to 1.26%","Largest private sector lender HDFC Bank on Tuesday reported a 34 per cent jump in its standalone net profit to Rs 16,373 crore for the third quarter ended December 2023.
The bank had earned a net profit of Rs 12,259 crore in the corresponding quarter of the previous fiscal year.
Its total income on a standalone basis rose to Rs 81,720 crore in the October-December quarter of FY24 against Rs 51,208 crore in the year-ago period, HDFC Bank said in a regulatory filing.
On a consolidated basis, the bank's profit increased 39 per cent to Rs 17,718 crore from Rs 12,735 crore.
The consolidated total income rose to Rs 1,15,015 crore from Rs 54,123 crore at the end of the same quarter the previous year.
On the asset quality side, the bank witnessed a marginal increase in gross non-performing assets (NPAs) to 1.26 per cent of the gross loans by the end of December 2023 from 1.23 per cent a year ago.
However, its net NPAs came down to 0.31 per cent from 0.33 per cent at the end of the third",https://www.business-standard.com/companies/results/hdfc-bank-q3-results-profit-up-34-to-rs-16-373-crore-gnpa-rises-to-1-26-124011600564_1.html,2024-01-16 16:42:00
6,24 Jan 2024 | 9:57 PM IST,HDFC Bank offloads CAMS shares worth Rs 270 crore via open market,"Private sector lender HDFC Bank on Wednesday offloaded shares of Computer Age Management Services (CAMS) for Rs 270 crore through open market transactions.
According to the bulk deal data available with the stock exchanges, HDFC Bank Ltd sold 5.29 lakh shares of CAMS on the National Stock Exchange (NSE) and disposed of 4.71 lakh shares of the company on the BSE.
The shares were offloaded in the price range of Rs 2,700-2,700.08 apiece on the bourses, taking the combined transaction value to Rs 270 crore.
Meanwhile, Fidelity Invst Trust picked up more than 2.82 lakh equity shares of CAMS on the BSE.
Details of the buyers on the NSE could not be ascertained.
On Wednesday, the scrip of CAMS fell 0.25 per cent to close at Rs 2,733 apiece on the NSE, while it slipped 0.24 per cent to settle at Rs 2,733.30 per piece on the BSE.",https://www.business-standard.com/companies/news/hdfc-bank-offloads-cams-shares-worth-rs-270-crore-via-open-market-124012401014_1.html,2024-01-24 21:57:00
6,31 Jan 2024 | 11:00 PM IST,"Equity markets tread K-shaped path, India's mcap to touch Rs 380 trn","Meanwhile, the broader markets showed no signs of cooling off despite concerns about frothy valuations",https://www.business-standard.com/markets/news/equity-markets-tread-k-shaped-path-india-s-mcap-to-touch-rs-380-trn-124013101214_1.html,2024-01-31 23:00:00
6,06 Feb 2024 | 10:45 PM IST,HDFC Bank talking to Paytm and evaluating developments: Parag Rao,"The Reserve Bank of India (RBI) on January 31 stopped Paytm Payments Bank from accepting fresh deposits and carrying out transactions from February 29, 2024",https://www.business-standard.com/companies/news/hdfc-bank-talking-to-paytm-and-evaluating-developments-parag-rao-124020601702_1.html,2024-02-06 22:45:00
6,07 Feb 2024 | 6:51 PM IST,HDFC Bank raises $300 million through maiden sustainable finance bonds,"Largest private sector lender HDFC Bank on Wednesday said it has raised USD 300 million in its maiden sustainable finance bond issue.
The money raised is part of the USD 750 million bond-raise which was announced on Tuesday, a statement said, adding that the papers will be listed on the GIFT City.
The USD 300 million sustainable finance bonds have been raised for a tenure of three years at a spread of 0.95 per cent over the US treasury, while the remaining USD 450 million will be repaid in five years at 1.08 per cent over the US Treasury, the statement said.
The spreads are the tightest by an Indian issuer, it said.
The bank said proceeds of the sustainable finance bond will be utilised for funding green and social loans in accordance with the sustainable finance, while the rest will be deployed for financing general banking activities.
HDFC group head for treasury Arup Rakshit elaborated that the sustainable finance bonds funds will be prioritised for lending towards electric ...",https://www.business-standard.com/companies/news/hdfc-bank-raises-300-million-through-maiden-sustainable-finance-bonds-124020701238_1.html,2024-02-07 18:51:00
6,20 Feb 2024 | 10:44 PM IST,HDFC Life International launches health plan for overseas Indian students,"The plan enables customers to access top private medical facilities and services while avoiding the conventional hassle of going through lengthy appointment wait times, as seen in various countries",https://www.business-standard.com/finance/insurance/hdfc-life-international-launches-health-plan-for-overseas-indian-students-124022001164_1.html,2024-02-20 22:44:00
6,21 Mar 2024 | 11:22 AM IST,"HDFC Bank completes Rs 9,553 cr stake sale in education unit HDFC Credila",Central bank had asked private lender to reduce its shareholding in HDFC Credila,https://www.business-standard.com/companies/news/hdfc-bank-completes-rs-9-553-cr-stake-sale-in-education-unit-hdfc-credila-124032100231_1.html,2024-03-21 11:22:00
6,31 Mar 2024 | 11:35 PM IST,HDFC Bank proposes to sell 100% stake in its subsidiary HDFC Education,"HDFC Bank has decided to sell its 100 per cent stake in HDFC Education and Development Services Private Ltd.
The transaction will be undertaken through the Swiss challenge method, HDFC Bank said in a regulatory filing on Saturday.
""In this regard, HDFC Bank has, on March 30, 2024, entered into a binding term sheet with an interested party, and the offer contained in such term sheet shall serve as the anchor/base bid to seek counter offers from other parties interested in participating in the aforesaid Swiss challenge process,"" it added.
HDFC Bank will finalise the purchaser on the basis of the completion of the Swiss challenge process, it said, adding that after which the bank and successful bidder would enter into definitive documentation for the purposes.
HDFC Education is engaged in providing services to three education schools, it said.",https://www.business-standard.com/companies/news/hdfc-bank-proposes-to-sell-100-stake-in-its-subsidiary-hdfc-education-124033100154_1.html,2024-03-31 23:35:00
5,05 Apr 2024 | 12:24 AM IST,"Education loan financier HDFC Credila to raise Rs 2,700 cr in fresh equity","Arijit Sanyal, managing director and chief executive officer of HDFC Credila, said the board has cleared a proposal for raising fresh equity",https://www.business-standard.com/companies/news/education-loan-financier-hdfc-credila-to-raise-rs-2-700-cr-in-fresh-equity-124040401122_1.html,2024-04-05 00:24:00
5,09 Apr 2024 | 5:40 PM IST,HDFC Credila raises $100 million via ECB route for loan book expansion,"Education loans-focused lender HDFC Credila Financial  Services on Tuesday said it has raised USD 100 million in external commercial borrowing (ECB).
DBS Bank's IFSC banking unit in Gujarat International Finance Tec-City (GIFT City) said in a statement that it led the syndicated loan.
The funds will be used for growing the retail education loan franchise, it said.
""We are pleased to have concluded a USD 100 million ECB transaction with DBS Bank as the lead arranger,"" Credila's Managing Director and Chief Executive Arijit Sanyal said.
DBS Bank India Managing Director Rajat Verma said the education loan company is poised to play an important role in nurturing the country's talent by enabling access to learning for India's students.
The ECB comes on the back of HDFC Bank completing the sale of its stake in HDFC Credila to private equity firms BPEA EQT and ChrysCapital in an over USD 1.15 billion deal in March this year.
DBS Bank had announced the launch of its IFSC Banking Unit (IBU",https://www.business-standard.com/companies/news/hdfc-credila-raises-100-million-via-ecb-route-for-loan-book-expansion-124040900677_1.html,2024-04-09 17:40:00
5,10 Apr 2024 | 4:05 PM IST,"HDFC Bank opens branch in Kavaratti island, 1st private lender to do so","Largest private sector lender HDFC Bank on Wednesday inaugurated a branch in Lakshadweep's Kavaratti island.
The bank becomes the first private sector lender to have a presence in Lakshadweep, according to a statement.
The bank seeks to serve customers wherever they are and looks forward to serving the financial needs of individuals, families, and businesses in Lakshadweep, the bank's retail branch banking group head S Sampathkumar said.
The branch was inaugurated by Captain Lovekesh Thakur, Commanding Officer, Indian Navy and K P Muthukoya, a well-known resident, in the presence of bank officials, the statement said.",https://www.business-standard.com/companies/news/hdfc-bank-opens-branch-in-kavaratti-island-1st-private-lender-to-do-so-124041000610_1.html,2024-04-10 16:05:00
5,22 Apr 2024 | 2:16 PM IST,"HDFC Bank announces Rs 1,500 crore ex-gratia: But what is it?",Companies often provide ex-gratia payments to maintain a positive public image or to demonstrate goodwill towards stakeholders,https://www.business-standard.com/finance/personal-finance/hdfc-bank-announces-rs-1-500-crore-ex-gratia-but-what-is-it-124042200439_1.html,2024-04-22 14:16:00
5,22 Apr 2024 | 11:10 PM IST,"Japan's MUFG mulls sweeter offer for India's HDB Financial, says report","Both sides are looking to reach an agreement for a 20% stake in HDB Financial Services in about a month, the report said, citing people familiar with the matter",https://www.business-standard.com/companies/news/japan-s-mufg-mulls-sweeter-offer-for-india-s-hdb-financial-says-report-124042201309_1.html,2024-04-22 23:10:00
5,30 May 2024 | 11:10 AM IST,S Korea's Shinhan Bank gets CCI nod to acquire 11% stake in HDFC Credila,"The Competition Commission of India (CCI) has cleared South Korea-based Shinhan Bank's proposed acquisition of an 11 per cent stake in HDFC Credila Financial Services.
Part of the Shinhan Financial Group, Shinhan Bank Co Ltd is a multinational bank, which commenced operations in India in 1996.
""The proposed combination relates to the acquisition of up to approximately 11 per cent shareholding by Shinhan Bank in HDFC Credila by way of subscription to shares of HDFC Credila,"" CCI said in a release on Tuesday.
HDFC Credila Financial Services, is a Reserve Bank of India (RBI)-registered non-deposit taking non-banking financial company. It is primarily engaged in the business of providing education loans in India and overseas.
In another release, the competition watchdog granted its approval to Matrix Pharma to acquire 100 per cent stake in Tianish Laboratories.
The acquisition will be funded in part by an investment proposed to be made by the investors in optionally convertible debent",https://www.business-standard.com/companies/news/s-korea-s-shinhan-bank-gets-cci-nod-to-acquire-11-stake-in-hdfc-credila-124053000114_1.html,2024-05-30 11:10:00
5,06 Jun 2024 | 8:38 PM IST,"HDFC Life crosses Rs 3 trillion in AUM, reinforcing investment discipline",HDFC Life's Assets Under Management Cross Rs. 3 Lakh Crore,https://www.business-standard.com/companies/news/hdfc-life-crosses-rs-3-trillion-in-aum-reinforcing-investment-discipline-124060500770_1.html,2024-06-06 20:38:00
5,24 Jun 2024 | 2:57 PM IST,Anuj Tyagi to succeed Ritesh Kumar as MD & CEO of HDFC Ergo from July 1,"Tyagi, who currently serves as the deputy MD, joined the company in 2008",https://www.business-standard.com/companies/news/anuj-tyagi-to-succeed-ritesh-kumar-as-md-ceo-of-hdfc-ergo-from-july-1-124062400531_1.html,2024-06-24 14:57:00
5,26 Jun 2024 | 2:50 PM IST,HDFC Bank updates rewards on Tata Neu Infinity card for UPI transactions,"If a UPI transaction is made using Tata Neu UPI ID, customers will earn an additional 1 per cent back as NeuCoin",https://www.business-standard.com/finance/personal-finance/hdfc-bank-updates-rewards-on-tata-neu-infinity-card-for-upi-transactions-124062600560_1.html,2024-06-26 14:50:00
5,27 Jun 2024 | 4:40 PM IST,"Truecaller, HDFC ERGO tie up for insurance product to safeguard subscribers","Caller identification app Truecaller on Thursday said it has collaborated with general insurance company HDFC ERGO for an offering that aims to safeguard subscribers against digital communication frauds in India.
Truecaller in a release said that amid rising cases of cyber fraud, the insurance offering underscores its commitment to combating fraud and ensuring user protection through advanced app features - before, during and after mobile communication.
A recent report by the Indian Cyber Crime Coordination Centre revealed that digital financial frauds accounted for a staggering Rs 1.25 lakh crore over the last three years, the release noted.
Announcing the collaboration with HDFC ERGO to offer this insurance for its subscribers, the release said the product will provide coverage up to Rs 10,000 to Android and iOS users across India.
""The product is available to yearly premium subscribers of Truecaller and all existing customers can avail this protection for free under their existi",https://www.business-standard.com/companies/news/truecaller-hdfc-ergo-tie-up-for-insurance-product-to-safeguard-subscribers-124062700648_1.html,2024-06-27 16:40:00
5,28 Jun 2024 | 1:37 AM IST,Tata Group retains top spot as India's most valuable brand at $28.6 billion,"India's most valuable brands 2024: Tata Group nears $30 billion mark, Taj remains India's strongest brand,  while HDFC's merger boosts brand to third position",https://www.business-standard.com/companies/news/tata-group-retains-top-spot-as-india-s-most-valuable-brand-at-28-6-billion-124062700498_1.html,2024-06-28 01:37:00
5,01 Jul 2024 | 8:52 PM IST,HDFC Bank to migrate its core banking system to a new platform on July 13,Customers will have limited access to bank's services during the 13.5-hour upgrade,https://www.business-standard.com/companies/news/hdfc-bank-to-migrate-its-core-banking-system-to-a-new-platform-on-july-13-124070101063_1.html,2024-07-01 20:52:00
5,01 Jul 2024 | 10:09 PM IST,Former SoftBank managing partner Lydia Jett rejoins Flipkart's board,The Flipkart board also comprises HDFC chief executive Keki Mistry and senior Walmart executives,https://www.business-standard.com/companies/news/former-softbank-managing-partner-lydia-jett-rejoins-flipkart-s-board-124070101223_1.html,2024-07-01 22:09:00
5,02 Jul 2024 | 9:11 PM IST,HDFC Bank may see inflows of up to $4 bn as MSCI weightage to rise,"Move could lead to doubling of weight in MSCI index; over $3 bn of passive buying, says Nuvama report",https://www.business-standard.com/companies/news/hdfc-bank-fpi-shareholding-dips-below-55-at-the-end-of-june-quarter-124070201123_1.html,2024-07-02 21:11:00
5,06 Jul 2024 | 12:31 AM IST,HDFC Bank mulling loan portfolio sale amid growth scrutiny: Report,Shares of the bank fell the most in a month on Friday after it reported flat sequential deposit performance in the quarter ended June,https://www.business-standard.com/companies/news/hdfc-bank-mulls-over-loan-portfolio-sale-amid-growth-scrutiny-report-124070501110_1.html,2024-07-06 00:31:00
5,09 Jul 2024 | 5:21 PM IST,HDFC Ergo General Insurance processes its first claim on NHCX platform,NHCX is a single-window interface developed by the National Health Authority (NHA). It provides a secure platform and efficient exchange of health insurance claims data,https://www.business-standard.com/finance/insurance/hdfc-ergo-general-insurance-processes-its-first-claim-on-nhcx-platform-124070900692_1.html,2024-07-09 17:21:00
5,22 Jul 2024 | 12:49 PM IST,"HDFC Bank's unit in talks with global banks, seeks $300 mn in offshore loan",HDB Financial Services Ltd. is in talks with a group of global and local banks to finalise the terms,https://www.business-standard.com/companies/news/hdfc-bank-s-unit-seeks-up-to-300-million-in-offshore-loan-124072200437_1.html,2024-07-22 12:49:00
5,31 Jul 2024 | 11:33 AM IST,Key financial rules will change from August 1: What you should do,"Significant updates, include new Google Maps charges and revised HDFC Bank credit card regulations",https://www.business-standard.com/finance/personal-finance/key-financial-rules-will-change-from-august-1-what-you-should-do-124073100402_1.html,2024-07-31 11:33:00
5,01 Aug 2024 | 10:31 PM IST,"For valuations to sustain, corporate earnings need to deliver: Setalvad",Setalvad says positive surprises may emerge on the rural consumption front amid favourable monsoon and a low base,https://www.business-standard.com/markets/interviews/for-valuations-to-sustain-corporate-earnings-need-to-deliver-setalvad-124073001498_1.html,2024-08-01 22:31:00
5,22 Aug 2024 | 2:09 AM IST,Balanced advantage funds: Equity exposure dips as valuations kicks off,"HDFC MF exposure drops below 50%, ICICI MF at 20-month low",https://www.business-standard.com/companies/news/balanced-advantage-funds-equity-exposure-dips-as-valuations-kicks-off-124082101023_1.html,2024-08-22 02:09:00
4,01 Sep 2024 | 9:47 PM IST,"HDFC, Nippon, ICICI hoist the folio trophy as 40 funds chase finish line",Folio growth powered by stellar performance and strategic distribution,https://www.business-standard.com/markets/mutual-fund/hdfc-nippon-icici-hoist-the-folio-trophy-as-40-funds-chase-finish-line-124090100401_1.html,2024-09-01 21:47:00
4,11 Sep 2024 | 10:39 AM IST,Hedging against volatility in NSE Nifty Bank Index suddenly looks cheap,"Indian bank stocks have lagged the broader market, with sluggish deposit growth raising concerns that more regulation may be coming",https://www.business-standard.com/markets/news/hedging-against-volatility-in-nse-nifty-bank-index-suddenly-looks-cheap-124091100370_1.html,2024-09-11 10:39:00
4,19 Sep 2024 | 4:10 PM IST,HDFC Bank likely to close $1 billion loan sale this month: Report,"HDFC Bank merged with parent Housing Development Finance Corp in July 2023, adding a large pool of mortgage loans to the bank's portfolio but a much smaller amount of deposits",https://www.business-standard.com/companies/news/hdfc-bank-likely-to-close-1-billion-loan-sale-this-month-report-124091900812_1.html,2024-09-19 16:10:00
4,20 Sep 2024 | 5:27 PM IST,"HDFC unit HDB Financial Services approves raising Rs 2,500 cr via IPO","HDB Financial's listing follows the country's central bank norms introduced in 2022, which required large non-banking financial companies (NBFC) to be listed on stock exchanges by September 2025",https://www.business-standard.com/markets/ipo/hdfc-unit-hdb-financial-services-approves-raising-rs-2-500-cr-via-ipo-124092000905_1.html,2024-09-20 17:27:00
4,04 Oct 2024 | 10:03 AM IST,HDFC Bank says sequential rise in deposits outpaced loan growth in Q2,"Deposits rose 5.1 per cent from the previous quarter to Rs 25 trillion, after no sequential change in April-June",https://www.business-standard.com/finance/news/hdfc-bank-says-sequential-rise-in-deposits-outpaced-loan-growth-in-q2-124100400180_1.html,2024-10-04 10:03:00
4,07 Oct 2024 | 7:58 PM IST,Mcap of 9/10 valued firms falls by over Rs 4 trillion: Here’s why,Market capitalization of 9 of the top-10 most valued companies witnessed a massive decline of more than Rs 4 trillion last week. Watch the video to know why.,https://www.business-standard.com/video-gallery/general/mcap-of-9-10-valued-firms-falls-by-over-rs-4-trillion-here-s-why-176363.htm,2024-10-07 19:58:00
4,15 Oct 2024 | 3:36 PM IST,"HDFC AMC Q2 results: Net profit rises 32% to Rs 577 cr, total income up 38%","HDFC Asset Management Company (AMC) on Tuesday reported a 32 per cent year-on-year growth in profit after tax (PAT) to Rs 576.61 crore for the three months ended September 2024.
The HDFC AMC's profit after tax stood at Rs 436.52 crore in the same quarter of the preceding financial year (FY24).
Its total income rose 38 per cent to 1,058.19 crore in the July-September quarter from Rs 765.35 crore in the year-ago period, HDFC AMC said in a stock exchange filing.
For the half-year ended September 2024, the company logged a PAT of Rs 1,180.37 crore and a total income of Rs 2,007 crore.
Shares of HDFC AMC were trading 1.11 per cent higher at Rs 4533 on the BSE around 3 pm.",https://www.business-standard.com/companies/news/hdfc-amc-q2-results-net-profit-rises-32-to-rs-577-cr-total-income-up-38-124101500601_1.html,2024-10-15 15:36:00
4,17 Oct 2024 | 9:05 PM IST,HDFC Securities enters wealth advisory business with launch of HDFC Tru,"The company stated that its new offering will provide financial solutions to corporate treasury, ultra high net-worth investors (HNIs), and family offices in the over Rs 50 crore investment segment",https://www.business-standard.com/companies/news/hdfc-securities-enters-wealth-advisory-business-with-launch-of-hdfc-tru-124101701337_1.html,2024-10-17 21:05:00
4,17 Oct 2024 | 10:39 PM IST,"Former HDFC executives start home loan venture, bag Rs 800 cr from PEs","Weaver Services, a non-bank lender formed by former executives of erstwhile home finance major HDFC, on Thursday, announced that it has bagged Rs 800 crore in commitments from private equity funds.
Gaja Capital and Lok Capital have made the commitment, which will be utilised for fuelling the company's pan-India plans and also for a Rs 267-crore acquisition of Capital India Home Loans, as per an official statement.
""I am happy to see a team of former colleagues and partners unite to establish a housing finance company dedicated to addressing the needs of an under-served segment of society,"" Keki Mistry, former vice chairman and chief executive of HDFC, said in the statement.
After securing necessary regulatory approvals and acquisition completion, Weaver is aiming to launch home loan products for self-employed individuals in the unorganised sector, particularly in Tier 2 and Tier 3 towns, the statement added.
HDFC's former head of merger and acquisitions Satrajit Bhattacharya, and .",https://www.business-standard.com/companies/news/former-hdfc-executives-start-home-loan-venture-bag-rs-800-cr-from-pes-124101701473_1.html,2024-10-17 22:39:00
4,28 Oct 2024 | 9:37 PM IST,Citigroup sells HDFC Bank's shares worth Rs 275 crore via block deal,"American multinational Citigroup on Monday offloaded private sector lender HDFC Bank's shares worth Rs 275 crore through an open market transaction.
Citigroup, through its arm Citigroup Global Markets Mauritius, sold 15,79,953 shares of HDFC Bank, as per the block deal data available on the BSE.
The shares were disposed of at an average price of Rs 1,742.6 apiece, taking the transaction value to Rs 275.32 crore.
Ghisallo Master Fund LP acquired the shares of Mumbai-headquartered HDFC Bank at the same price.
Shares of HDFC Bank fell 0.48 per cent to close at Rs 1,734.30 per piece on the BSE.
On October 19, HDFC Bank reported a 6 per cent increase in the September quarter net profit to Rs 17,825.91 crore on a consolidated basis.
On a standalone basis, the largest private sector lender's post-tax net profit grew to Rs 16,820.97 crore during the reporting period against Rs 15,976.11 crore in the year-ago period.
The company's core net interest income grew 10 per cent to Rs 30,010 cr",https://www.business-standard.com/markets/news/citigroup-sells-hdfc-bank-s-shares-worth-rs-275-crore-via-block-deal-124102801027_1.html,2024-10-28 21:37:00
4,07 Nov 2024 | 4:05 PM IST,HDFC Bank raises lending rate by 5 basis points on select maturity,"Private sector HDFC Bank on Thursday raised the marginal cost of funds-based lending rate (MCLR) by 5 basis points (0.05 percentage points) on select maturity.
The benchmark one-year tenor MCLR, which is used to price most consumer loans like auto and personal, has been retained at 9.45 per cent, according to the HDFC Bank website.
However, the overnight MCLR has risen to 9.15 per cent from 9.10 per cent, while the one-month rate has been increased by 5 basis points to 9.20 per cent.
Rates on other maturity buckets have been left unchanged, it said.
The new rates are effective from November 7, 2024.
The rate hike follows the decision of RBI to keep its benchmark lending rate unchanged at 6.5 per cent for the tenth consecutive time.",https://www.business-standard.com/companies/news/hdfc-bank-raises-lending-rate-by-5-basis-points-on-select-maturity-124110701017_1.html,2024-11-07 16:05:00
4,16 Dec 2024 | 5:33 PM IST,HDFC Bank refunds Rs 2.9 Cr to woman in fraud case. Things to keep in mind,HDFC Bank reimbursed Rs 2.9 crore to Meenakshi Kapuria after Rs 3 crore fraud by her relationship manager. The Bombay HC urges RBI to strengthen banking fraud policies,https://www.business-standard.com/finance/personal-finance/hdfc-bank-refunds-rs-2-9-cr-to-woman-in-fraud-case-things-to-keep-in-mind-124121600832_1.html,2024-12-16 17:33:00
4,14 Jan 2025 | 3:57 PM IST,"HDFC AMC Q3 results: Net profit rises 31% to Rs 641 cr, revenue up 39%",HDFC AMC Q3 FY25 results: The company had declared and paid an interim dividend of Rs 70 per equity share at the end of FY24,https://www.business-standard.com/companies/results/hdfc-amc-q3-fy25-results-net-profit-rises-revenue-dividend-declared-125011400673_1.html,2025-01-14 15:57:00
4,14 Jan 2025 | 10:57 PM IST,"HDFC AMC Q3 results: Profit jumps 31%, revenue surges 39% to Rs 934 cr","The HDFC AMC share gained 1.68 per cent on the NSE on Tuesday, closing at Rs 3,899",https://www.business-standard.com/companies/news/hdfc-amc-q3-results-profit-jumps-31-revenue-surges-39-to-rs-934-cr-125011400963_1.html,2025-01-14 22:57:00
4,23 Jan 2025 | 10:26 PM IST,Restrictions on bancassurance may not be a great step: HDFC Life's Padalkar,Bancassurance is a partnership between banks and insurance companies to sell insurance products through bank branches,https://www.business-standard.com/industry/banking/restrictions-on-bancassurance-may-not-be-a-great-step-hdfc-life-s-padalkar-125012301578_1.html,2025-01-23 22:26:00
4,13 Feb 2025 | 5:05 PM IST,Fund review: HDFC Small Cap Fund,Fund review: HDFC Small Cap Fund,https://www.business-standard.com/finance/personal-finance/fund-review-hdfc-small-cap-fund-125021301126_1.html,2025-02-13 17:05:00
4,04 Mar 2025 | 11:31 PM IST,"Fund Pick: HDFC Focused 30 Fund stands tall, aiming for greater gains","The fund outperformed the benchmark (Nifty 500 TRI) in the past 6 months, as well as one-, two-, three-, five-, seven- and 10-year trailing periods",https://www.business-standard.com/markets/news/fund-pick-hdfc-focused-30-fund-favours-large-caps-delivers-strong-returns-125030200356_1.html,2025-03-04 23:31:00
4,14 Mar 2025 | 12:01 AM IST,"HDFC Bank plans to sell Rs 1,028 cr bad loans via Swiss challenge auction","Of the Rs 478 crore, Rs 329 crore comes from 1,973 mortgage and home loan accounts, Rs 77 crore from 3,232 commercial vehicle loan accounts, and Rs 72 crore from 2,074 agriculture loan accounts",https://www.business-standard.com/companies/news/hdfc-bank-plans-to-sell-rs-1-028-cr-bad-loans-via-swiss-challenge-auction-125031301092_1.html,2025-03-14 00:01:00
4,30 Mar 2025 | 10:24 AM IST,"Mcap of 8 top valued firms climbs ₹88,085.8 cr; HDFC Bank biggest gainer","The combined market valuation of eight of the top-10 most-valued firms climbed Rs 88,085.89 crore last week, with HDFC Bank leading the pack of gainers, in line with an optimistic trend in equities.
Last week, the BSE benchmark gauge climbed 509.41 points, or 0.66 per cent.
From the top-10 pack, HDFC Bank, Tata Consultancy Services (TCS), Bharti Airtel, ICICI Bank, State Bank of India, Bajaj Finance, Hindustan Unilever, and ITC were the gainers, while Reliance Industries and Infosys faced erosion from their market valuation.
HDFC Bank added Rs 44,933.62 crore, taking its valuation to Rs 13,99,208.73 crore.
The market capitalisation (mcap) of State Bank of India jumped Rs 16,599.79 crore to Rs 6,88,623.68 crore.
The valuation of TCS rallied Rs 9,063.31 crore to Rs 13,04,121.56 crore while that of ICICI Bank was up Rs 5,140.15 crore to Rs 9,52,768.61 crore.
The mcap of ITC soared Rs 5,032.59 crore to Rs 5,12,828.63 crore and that of Hindustan Unilever climbed Rs 2,796.01 crore to R",https://www.business-standard.com/markets/news/mcap-of-8-top-valued-firms-climbs-rs-88-085-8-cr-hdfc-bank-biggest-gainer-125033000132_1.html,2025-03-30 10:24:00
4,18 Apr 2025 | 11:36 PM IST,"Diversified portfolio, market share to drive asset growth for HDFC AMC","Industry SIP flows of Rs 78,330 crore in Q4FY25 contributed to active equity and hybrid inflows of Rs 1.042 trillion",https://www.business-standard.com/markets/stock-market-news/diversified-portfolio-market-share-to-drive-asset-growth-for-hdfc-amc-125041800854_1.html,2025-04-18 23:36:00
3,20 Apr 2025 | 11:35 AM IST,"Mcap of 10 top valued firms jumps ₹3.84 trn; HDFC, Airtel biggest gainers","The combined market valuation of the top-ten most valued firms jumped by a whopping Rs 3,84,004.73 crore in the holiday-shortened last week, in-tandem with a smart rally in equities, with HDFC Bank and Bharti Airtel emerging as the biggest gainers.
Last week, the BSE benchmark Sensex jumped 3,395.94 points or 4.51 per cent, and the NSE Nifty surged 1,023.1 points or 4.48 per cent.
Markets witnessed a robust recovery and surged over 4.5 per cent in the holiday-shortened week, driven by favorable cues from both domestic and global fronts, Ajit Mishra  SVP, Research, Religare Broking Ltd, said.
""The rally was primarily fueled by optimism surrounding the deferral of tariffs and recent exemptions on select products, raising hopes for potential negotiations that could mitigate the impact on global trade.
""As the week progressed, market participants responded positively to a slew of favorable developments, including updates on a normal monsoon, easing retail inflation -- which raised hope",https://www.business-standard.com/markets/news/mcap-of-10-top-valued-firms-jumps-3-84-trn-hdfc-airtel-biggest-gainers-125042000143_1.html,2025-04-20 11:35:00
3,04 May 2025 | 9:58 PM IST,HDFC mid-cap opportunities fund: Forging midcap steel into portfolio armour,Fund anneals quality names into resilient wealth defenders,https://www.business-standard.com/markets/news/hdfc-mid-cap-opportunities-fund-forging-midcap-steel-into-portfolio-armour-125050400447_1.html,2025-05-04 21:58:00
3,09 Jun 2025 | 7:56 PM IST,Lilavati trust alleges HDFC Bank CEO of fraud: What’s happening?,"India’s largest private lender, HDFC Bank, and one of Mumbai’s prestigious private hospitals, Lilavati, have locked horns in a high-profile legal and financial battle.",https://www.business-standard.com/video-gallery/general/lilavati-trust-alleges-hdfc-bank-ceo-of-fraud-what-s-happening-177428.htm,2025-06-09 19:56:00
3,21 Jun 2025 | 10:43 AM IST,"Chanda Kochhar once proposed HDFC-ICICI merger, reveals Deepak Parekh","Before the HDFC-HDFC Bank merger, Chanda Kochhar had pitched an ICICI-HDFC merger, says Deepak Parekh in a rare public disclosure",https://www.business-standard.com/finance/news/deepak-parekh-hdfc-icici-bank-chanda-kochhar-merger-rbi-insurance-125062100236_1.html,2025-06-21 10:43:00
3,24 Jun 2025 | 5:25 PM IST,"HDFC credit card users alert: New fees, reward caps introduced from July 1","From wallet loads to gaming spends, HDFC credit cardholders will face new charges and reward point limits starting July 1. Here's what changes and how it may impact your monthly usage.",https://www.business-standard.com/finance/personal-finance/hdfc-credit-card-users-alert-new-fees-reward-caps-introduced-from-july-1-125062400890_1.html,2025-06-24 17:25:00
3,27 Jun 2025 | 10:20 PM IST,Adani fastest-growing Indian brand in 2025; value up by 82%: Report,"Adani Group has been named the fastest-growing Indian brand, thanks to its aggressive and integrated approach to infrastructure, as per the Most Valuable Indian Brands 2025 report by Brand Finance",https://www.business-standard.com/companies/news/adani-group-infosys-hdfc-lic-valuable-brand-finance-mahindra-asian-paints-125062700772_1.html,2025-06-27 22:20:00
3,27 Jun 2025 | 11:06 PM IST,HDFC MF buys ₹137 crore stake in Sundram Fasteners via open market deal,"HDFC Mutual Fund on Friday bought shares of auto components supplier Sundram Fasteners for Rs 137 crore through an open market transaction.
According to the bulk deal data on the BSE, HDFC Mutual Fund purchased 13.70 lakh shares or 0.65 per cent stake in Sundram Fasteners, at an average price of Rs 1,000 apiece.
This took the deal value to Rs 137.02 crore.
After the stake buy, HDFC Mutual Fund's holding in Chennai-based Sundaram Fasteners rose to 5.02 per cent from 4.37 per cent.
Details of the sellers of Sundaram Fasteners shares could not be ascertained on the exchange.
Shares of Sundaram Fasteners went marginally lower to close at Rs 999.25 per piece on the BSE.
In a separate bulk deal on the NSE, Singapore-based Cube Mobility Investments offloaded 79.25 lakh units or 0.59 per cent unitholding in Cube Highways Trust for Rs 101 crore through an open market transaction.
As per the data, these units were disposed of at an average price of Rs 127.50 per unit, taking the deal valu",https://www.business-standard.com/companies/news/hdfc-mf-buys-137-crore-stake-in-sundram-fasteners-via-open-market-deal-125062701363_1.html,2025-06-27 23:06:00
3,02 Jul 2025 | 1:35 PM IST,Will continue supporting HDB Financial post-IPO as well: HDFC Bank CEO,"HDFC Bank's Managing Director and CEO Sashidhar Jagdishan on Wednesday said the lender will continue supporting its subsidiary HDB Financial Services post-listing as well.
Terming the Rs 12,500-crore initial public offering a ""complex"" transaction, Jagdishan said this is a ""historic"" day for the HDFC Bank-promoted non banking finance company (NBFC). HDB shares got listed on bourses on Wednesday.
Speaking before the listing,  Jagdishan said the IPO will provide ""independent capital and visibility"" for the company to accelerate its growth trajectory.
""We will continue to support HDB as it navigates the opportunities and challenges of the public market,"" Jagdishan said.
He added that HDB is well positioned to capitalise on the opportunity by the underserved credit segments in the country which provide a ""large runway"", and added that the company has ""strong fundamentals"" for doing so.
HDFC Bank, the largest by assets in the private space, has nurtured the NBFC over the years, the CEO",https://www.business-standard.com/companies/news/will-continue-supporting-hdb-financial-post-ipo-as-well-hdfc-bank-ceo-125070200407_1.html,2025-07-02 13:35:00
3,02 Jul 2025 | 3:58 PM IST,Indian shares dip as financials drag; HDB Financial surges 13.6% on debut,HDB Financial Services debuted at a premium of about 13 per cent to its issue price and closed its maiden session 13.6 per cent higher,https://www.business-standard.com/companies/news/indian-shares-dip-as-financials-drag-hdb-financial-surges-13-6-on-debut-125070200787_1.html,2025-07-02 15:58:00
3,04 Jul 2025 | 4:05 PM IST,SC dismisses HDFC Bank CEO's plea challenging FIR by Lilavati Trust,"The Supreme Court on Friday refused to entertain a plea by HDFC Bank CEO and MD Sashidhar Jagdishan challenging an FIR of cheating and fraud registered against him on a complaint by the Lilavati Kirtilal Mehta Medical Trust, which runs the prominent Lilavati Hospital in Mumbai.
A bench of Justices P S Narasimha and R Mahadevan noted that the matter was already listed for hearing on July 14 before the Bombay High Court.
""We are not inclined to entertain the matter. We will not apply our mind to the merits. If matter is not heard on 14th, you come back.
""We hope and trust that high court will take the matter up on the designated date,"" the bench said.
Senior advocate Mukul Rohatgi, appearing for Jagdishan, submitted that the bank has been roped in a private dispute.
""The idea is to summon the MD to police station. No proceedings should be taken against the MD,"" he said.
Rohatgi said they had moved the Bombay High Court but three benches of the high court have so far recused themsel",https://www.business-standard.com/india-news/sc-dismisses-hdfc-bank-ceo-plea-challenging-fir-by-lilavati-trust-125070400419_1.html,2025-07-04 16:05:00
3,17 Jul 2025 | 11:23 PM IST,Plan to expand thoughtfully: HDFC Life Insurance chairman Keki Mistry,"HDFC Life aims for growth and tech transformation in FY26, with a focus on macroeconomic opportunities, despite geopolitical and trade challenges, says Keki Mistry",https://www.business-standard.com/companies/news/hdfc-life-focuses-on-expansion-tech-fy26-mistry-125071701300_1.html,2025-07-17 23:23:00
3,29 Jul 2025 | 7:24 PM IST,Sebi fines HUF ₹10 lakh for 'insider trading' in HDFC merger shares,"Capital markets regulator Sebi on Tuesday levied a fine of Rs 10 lakh on an entity for trading in the shares of HDFC Ltd and HDFC Bank while in possession of unpublished price sensitive information (UPSI) related to their merger.
Sebi found that Rupesh Satish Dalal HUF had traded in derivatives of both HDFC entities on April 1, 2022 -- just days before the official announcement of the merger between HDFC Ltd and HDFC Bank on April 4, 2022.
Rupesh Satish Dalal is the karta of Rupesh Satish Dalal HUF.
The regulator's probe revealed that Dalal had received UPSI through his son, who was in close and regular contact with a person (individual) who was an insider associated with Deloitte.
Deloitte Touche Tohmatsu India LLP was engaged as the valuer for the merger exercise and the individual was part of the valuation team from March 29, 2022.
The individual and Dalal's son were long-time friends and exchanged several calls in the run-up to the trades. Sebi also noted that a meeting betwee",https://www.business-standard.com/markets/news/sebi-fines-huf-10-lakh-for-insider-trading-in-hdfc-merger-shares-125072901422_1.html,2025-07-29 19:24:00
3,17 Aug 2025 | 10:52 AM IST,"Mcap of 5 top valued firms climbs ₹60,675.94 cr; SBI, HDFC biggest winners","The combined market valuation of five of the top-10 most valued firms increased by Rs 60,675.94 crore last week, with State Bank of India and HDFC Bank emerging as the lead gainers in line with a positive trend in equities.
In a holiday-shortened last week, Sensex climbed 739.87 points or 0.92 per cent, and the Nifty edged higher by 268 points or 1.10 per cent.
From the top-10 pack, Reliance Industries, HDFC Bank, Bharti Airtel, State Bank of India and Infosys saw an addition in their valuation, while Tata Consultancy Services (TCS), ICICI Bank, Hindustan Unilever Ltd, Life Insurance Corporation of India (LIC) and Bajaj Finance faced erosion from their market capitalisation (mcap).
The valuation of State Bank of India jumped Rs 20,445.82 crore to Rs 7,63,095.16 crore, the most among the top-10 firms.
The mcap of HDFC Bank surged Rs 14,083.51 crore to Rs 15,28,387.09 crore.
Infosys added Rs 9,887.17 crore, taking its valuation to Rs 6,01,310.19 crore. The mcap of Bharti Airtel surg",https://www.business-standard.com/markets/news/mcap-of-5-top-valued-firms-climbs-60-675-94-cr-sbi-hdfc-biggest-winners-125081700145_1.html,2025-08-17 10:52:00
3,28 Aug 2025 | 11:21 PM IST,HDFC Bank emerges as top choice for global EM funds with record ownership,"Copley Fund Research finds HDFC Bank held by 71% of EM funds, making it the most critical emerging-market bank globally, with allocations surging post-HDFC merger",https://www.business-standard.com/markets/news/hdfc-bank-tops-emerging-market-portfolios-with-71-percent-fund-ownership-125082800122_1.html,2025-08-28 23:21:00
3,27 Sep 2025 | 3:11 PM IST,"HDFC Bank's Dubai unit faces DFSA curbs, barred from onboarding new clients","The bank's Dubai branch has been barred by Dubai authorities from taking on new clients or offering financial advice due to onboarding issues, though existing customers will not be affected",https://www.business-standard.com/companies/news/hdfc-bank-dubai-difc-branch-dfsa-restrictions-compliance-notice-bonds-125092700525_1.html,2025-09-27 15:11:00
3,28 Sep 2025 | 1:58 PM IST,HDFC-backed Reloy eyes 75% revenue growth in FY26 on better housing sales,"HDFC Capital-backed proptech startup Reloy, which helps builders generate referral sales, expects 75 per cent growth in its revenue this fiscal to Rs 50 crore on strong demand for housing properties.
The company posted a 60 per cent jump in gross revenue to Rs 28.5 crore in 2024-25 from Rs 17.8 crore in the preceding financial year.
""We are expecting to clock a Rs 45-50 crore revenue in the current fiscal,"" Reloy founder and CEO Akhil Saraf told PTI.
Reloy manages customers and property brokers on behalf of its builder clients through dedicated mobile applications, and it gets a nominal commission on referral sales.
Saraf said the company's performance in the first six months of this fiscal year has been very strong.
Reloy is targeting to facilitate Rs 3,500 crore worth of sales in the current fiscal compared to Rs 2,000 crore through referral-led sales in the last fiscal, Saraf said, highlighting that referral sales in the first six months of this fiscal have already surpassed th",https://www.business-standard.com/companies/news/hdfc-backed-reloy-eyes-75-revenue-growth-in-fy26-on-better-housing-sales-125092800276_1.html,2025-09-28 13:58:00
3,30 Sep 2025 | 10:43 PM IST,"HDFC Bank's Parag Rao superannuates, Ashish Parthasarthy to take over","Parthasarthy currently heads Branch Banking, Infrastructure, Treasury, and Virtual Channels divisions at HDFC Bank",https://www.business-standard.com/companies/people/hdfc-bank-s-rao-superannuates-parthasarthy-to-take-over-portfolio-125093001256_1.html,2025-09-30 22:43:00
3,03 Oct 2025 | 3:05 PM IST,"Zomato, HDFC Pension launch NPS model for delivery partners' benefit","Zomato and HDFC Pension have collaborated to introduce 'NPS Platform Workers Model' for delivery partners of the food delivery platform, in a bid to provide them access to formal retirement benefits.
The model was formally launched by Finance Minister Nirmala Sitharaman at an event organised by the Pension Fund Regulatory and Development Authority (PFRDA) on October 1.
""More than 30,000 delivery partners onboarded on Zomato have already generated their PRANs (Permanent Retirement Account Numbers) within 72 hours of this integration and the platform is committed to enable over 1 lakh delivery partners with their NPS retirement accounts within 2025,"" Zomato said in a statement.
Zomato operates on a gig-first model, supporting an average of 5,09,000 independent monthly active delivery partners as of Q1 FY26.
According to a NITI Aayog report, the number of platform workers in India is estimated to grow to 23.5 million by FY 2029-30. Currently, there exists a gap in terms of awareness a",https://www.business-standard.com/companies/news/zomato-hdfc-pension-launch-nps-model-for-delivery-partners-benefit-125100300552_1.html,2025-10-03 15:05:00
3,05 Oct 2025 | 11:19 AM IST,"Mcap of 7 most valued firms climbs ₹74,573 cr, HDFC Bank biggest gainer","The combined market valuation of seven of the top-10 most valued firms climbed Rs 74,573.63 crore in a holiday-shortened last week, with HDFC Bank emerging as the biggest gainer in line with a positive trend in equities.
Last week, the BSE benchmark climbed 780.71 points or 0.97 per cent, and the Nifty went up by 239.55 points or 0.97 per cent.
While HDFC Bank, Tata Consultancy Services (TCS), ICICI Bank, State Bank of India, Bajaj Finance, Hindustan Unilever and Life Insurance Corporation of India (LIC) were among the gainers, Reliance Industries, Bharti Airtel, and Infosys faced erosion from their valuation.
HDFC Bank added Rs 30,106.28 crore, taking its market valuation to Rs 14,81,889.57 crore.
The market capitalisation (mcap) of LIC jumped Rs 20,587.87 crore to Rs 5,72,507.17 crore.
The valuation of State Bank of India surged Rs 9,276.77 crore to Rs 8,00,340.70 crore, and that of Hindustan Unilever climbed Rs 7,859.38 crore to Rs 5,97,806.50 crore.
The mcap of ICICI Bank edg",https://www.business-standard.com/markets/news/mcap-of-7-most-valued-firms-climbs-74-573-cr-hdfc-bank-biggest-gainer-125100500134_1.html,2025-10-05 11:19:00
3,28 Oct 2025 | 1:49 PM IST,HDFC Bank puts 2 senior bankers on leave amid Credit Suisse bond probe,"Some HDFC customers have claimed they were not properly informed about the high-risk nature of the bonds, though the lender has maintained it complied with all applicable laws",https://www.business-standard.com/industry/banking/hdfc-bank-puts-2-senior-bankers-on-leave-amid-credit-suisse-bond-probe-125102800548_1.html,2025-10-28 13:49:00
2,11 Nov 2025 | 1:00 PM IST,"HDFC Bank trims lending rates by 10 bps, to benefit MCLR-linked borrowers","Borrowers on home, auto, and personal loans tied to MCLR to see rate changes at next reset",https://www.business-standard.com/finance/personal-finance/hdfc-bank-trims-lending-rates-by-10-bps-to-benefit-mclr-linked-borrowers-125111100867_1.html,2025-11-11 13:00:00
2,05 Dec 2025 | 7:38 PM IST,"RBI cuts repo rate; SBI, HDFC, ICICI to remain ‘too big to fail’ banks, & more",The RBI’s six-member MPC cut the repo rate by 25 bps to 5.25% and kept the policy stance neutral.,https://www.business-standard.com/video-gallery/general/rbi-cuts-repo-rate-sbi-hdfc-icici-to-remain-too-big-to-fail-banks-more-178181.htm,2025-12-05 19:38:00
2,16 Dec 2025 | 7:33 PM IST,RBI gives nod to HDFC Bank's arms to acquire up to 9.5% in IndusInd Bank,"The RBI approval to HDFC Bank to increase its stake in IndusInd Bank through its group entities is valid for a year, that is, till December 14, 2026",https://www.business-standard.com/companies/news/rbi-gives-nod-to-hdfc-bank-s-arms-to-acquire-up-to-9-5-in-indusind-bank-125121601094_1.html,2025-12-16 19:33:00
2,05 Jan 2026 | 11:31 AM IST,"HDFC Bank posts 2.7% loan growth to ₹28.45 trn in Q3, deposits rise higher","HDFC Bank merged with its parent HDFC in July 2023, adding a significant pool of loans but a smaller volume of deposits",https://www.business-standard.com/companies/news/hdfc-bank-posts-modest-loan-growth-deposits-rise-higher-in-oct-dec-126010500078_1.html,2026-01-05 11:31:00
2,17 Jan 2026 | 3:34 PM IST,"HDFC Bank posts 12% growth in December-quarter profit to ₹19,807 crore","HDFC Bank on Saturday said its consolidated profit jumped 12.17 per cent to Rs 19,807 crore in the December quarter.
The city-headquartered lender had reported a consolidated net profit of Rs 17,657 crore in the year-ago period and Rs 19,611 crore in the preceding September quarter.
On a standalone basis, the profit of the country's largest private sector lender increased 11.46 per cent to Rs 18,653.75 crore for the October-December period.
The core net interest income grew 6.4 per cent to Rs 32,600 crore, while the non-interest income came at Rs 13,250 crore, as per an exchange filing.
The net interest margin at the overall level stood at 3.35 per cent, it said.
Implementation of the new labour codes led to an impact of Rs 800 crore in  expenses for the bank during the quarter.",https://www.business-standard.com/companies/quarterly-results/hdfc-bank-profit-jumps-12-pc-rs-19-807-crore-q3-126011700534_1.html,2026-01-17 15:34:00
2,30 Jan 2026 | 11:02 PM IST,Nifty100 PBT could have been 8.5% higher without labour Code effect,"TCS, Infosys book one-time exceptional charges, while HDFC Bank absorbs higher wage costs directly into quarterly P&L",https://www.business-standard.com/industry/news/nifty100-pbt-could-have-been-8-5-higher-without-labour-code-effect-126013001411_1.html,2026-01-30 23:02:00
2,12 Feb 2026 | 6:55 AM IST,RBI gives ICICI AMC approval to raise stake in HDFC Bank to 9.95%,"If ‌ICICI group's stake in the lender falls below 5 per cent, it ‌will need ​fresh RBI ​approval to raise the shareholding to 5 per cent or more",https://www.business-standard.com/industry/banking/rbi-gives-icici-amc-approval-to-raise-stake-in-hdfc-bank-to-9-95-126021200041_1.html,2026-02-12 06:55:00
2,02 Mar 2026 | 11:09 PM IST,"SBI DMD Nitin Chugh exits as contract term ends, digital role concludes","SBI Deputy Managing Director Nitin Chugh, who led the bank's digital banking and transformation initiatives including YONO 2.0, has exited following the conclusion of his contract",https://www.business-standard.com/companies/news/sbi-dmd-nitin-chugh-exits-as-contract-term-ends-digital-role-concludes-126030201023_1.html,2026-03-02 23:09:00
2,19 Mar 2026 | 10:33 AM IST,'No power struggle': HDFC Bank's interim chair on Atanu Chakraborty exit,"Keki Mistry says there are no material concerns at HDFC Bank after Atanu Chakraborty's exit, rules out governance issues, and says the board will review organisational structure",https://www.business-standard.com/industry/banking/hdfc-bank-interim-chair-keki-mistry-chakraborty-exit-governance-126031900291_1.html,2026-03-19 10:33:00
2,19 Mar 2026 | 11:55 AM IST,"No material concerns on HDFC Bank's governance and conduct, says RBI","Regulator says bank remains well-capitalised with strong governance and management, approves Keki Mistry as interim chairman for three months",https://www.business-standard.com/industry/banking/rbi-says-no-governance-concerns-at-hdfc-bank-after-exit-126031900378_1.html,2026-03-19 11:55:00
2,19 Mar 2026 | 12:15 PM IST,HDFC Bank's interim chairman rules out 'material issues' at lender,Keki Mistry says board unaware of any governance concerns behind Atanu Chakraborty's exit; assures 'strong controls' and stable leadership,https://www.business-standard.com/industry/banking/hdfc-bank-s-interim-chairman-rules-out-material-operational-issues-at-bank-126031900326_1.html,2026-03-19 12:15:00
2,20 Mar 2026 | 12:30 PM IST,"HDFC Bank chief's exit baffles investors, wipes $7 bn off market value","HDFC Bank spent Thursday trying to explain why Chakraborty, a former senior bureaucrat in PM Narendra Modi's administration, left after almost five years as part-time chairman of the lender",https://www.business-standard.com/companies/news/hdfc-bank-chief-s-exit-baffles-investors-wipes-7-bn-off-market-value-126032000402_1.html,2026-03-20 12:30:00
2,20 Mar 2026 | 9:08 PM IST,"HDFC chairman quits, RBI steps in; Centre likely to scrap IDBI Bank stake sale; Bima Sugam rollout","HDFC Bank chairman resigns, stock tumbles
HDFC Bank’s part-time chairman, Atanu Chakraborty, resigned abruptly, citing differences over the bank’s governance and his ethics. The stock fell nearly 7%",https://www.business-standard.com/video-gallery/general/hdfc-chairman-quits-rbi-steps-in-centre-likely-to-scrap-idbi-bank-stake-sale-bima-sugam-rollout-178578.htm,2026-03-20 21:08:00
2,23 Mar 2026 | 12:19 PM IST,Credit Suisse AT1 bond crash may have fuelled HDFC Bank leadership crisis,"The rift came down to differing views over accountability, particularly over client losses tied to risky bonds sold by Credit Suisse",https://www.business-standard.com/companies/news/credit-suisse-s-at1-bond-crash-fuelled-leadership-crisis-at-hdfc-bank-126032300351_1.html,2026-03-23 12:19:00
2,24 Mar 2026 | 7:58 AM IST,HDFC Bank hires external counsel to review ex-chairman's resignation letter,HDFC Bank said that Chakraborty 'did not mention any happenings and practices which were not in congruence with his personal values and ethics',https://www.business-standard.com/markets/news/hdfc-bank-hires-external-counsel-to-review-ex-chairman-s-resignation-letter-126032400093_1.html,2026-03-24 07:58:00
2,24 Mar 2026 | 11:19 PM IST,HDFC Bank appoints law firms to review Chakraborty's resignation letter,Move follows Atanu Chakraborty's resignation citing ethical concerns; bank seeks to reinforce governance standards amid investor worries,https://www.business-standard.com/companies/news/hdfc-bank-appoints-law-firms-to-review-chairman-exit-126032400214_1.html,2026-03-24 23:19:00
2,26 Mar 2026 | 8:36 AM IST,HDFC Bank crisis is exposing deeper cracks in India Inc's governance model,Many large Indian firms that once commanded premium valuations have had their records and reputations questioned over the past decade,https://www.business-standard.com/industry/banking/hdfc-bank-crisis-is-exposing-deeper-cracks-in-india-inc-s-governance-model-126032600132_1.html,2026-03-26 08:36:00
2,26 Mar 2026 | 3:48 PM IST,Sebi begins review of former HDFC Bank chairman Chakraborty's exit letter,"In his resignation letter, Chakraborty cited ""certain happenings and practices within the bank"" that he said were ""not in congruence"" with his personal values and ethics",https://www.business-standard.com/companies/news/sebi-reviewing-hdfc-bank-chairman-exit-report-126032600624_1.html,2026-03-26 15:48:00
2,06 Apr 2026 | 10:41 PM IST,"FPI, MF positioning leaves HDFC Bank vulnerable to further downside","Despite attractive valuations, persistent FPI overweight and limited domestic mutual fund capacity may keep HDFC Bank stock vulnerable to further declines",https://www.business-standard.com/markets/news/hdfc-bank-stock-fpi-selling-pressure-macquarie-outlook-126040600340_1.html,2026-04-06 22:41:00
2,20 Apr 2026 | 10:31 PM IST,"CSR spend by NSE-listed firms jumps 23% to ₹22,212 crore in FY25: Report","Higher corporate profits lifted CSR spending, with more firms meeting or exceeding mandated outlays even as some funds remained unspent and were moved to designated accounts",https://www.business-standard.com/industry/news/csr-nse-firms-spending-fy25-reliance-hdfc-tcs-psus-126042000699_1.html,2026-04-20 22:31:00
1,27 Apr 2026 | 1:39 PM IST,Top equity funds that performed best over 5 years | HDFC Flexi Cap | Large & Midcap funds | SIP,"Markets have gone through a full cycle in the last five years: crashes, rallies, corrections, and recoveries. But which mutual funds actually delivered?",https://www.business-standard.com/video-gallery/market/top-equity-funds-that-performed-best-over-5-years-hdfc-flexi-cap-large-midcap-funds-sip-178722.htm,2026-04-27 13:39:00
1,03 May 2026 | 11:21 PM IST,West Asia crisis does not change long-term growth outlook: Chirag Setalvad,"Near-term earnings may face pressure from geopolitical risks and oil prices, but improved valuations and strong fundamentals keep India's long-term equity story intact",https://www.business-standard.com/companies/people/west-asia-crisis-does-not-change-long-term-growth-outlook-chirag-setalvad-126050300377_1.html,2026-05-03 23:21:00
1,07 May 2026 | 11:43 PM IST,4 fund houses accounted for half of FY26 folio additions: Amfi data,"Equity performance and gold ETF demand helped Nippon, HDFC, ICICI Pru, and Tata widen lead",https://www.business-standard.com/markets/mutual-fund/nippon-india-hdfc-mf-lead-mutual-fund-folio-additions-in-fy26-amfi-data-126050701226_1.html,2026-05-07 23:43:00
1,28 May 2026 | 10:18 PM IST,Capital market firms post robust Q4 growth despite MTM-related drag,"Kotak Institutional Equities said strong retail flows, trading activity and client additions supported earnings growth despite MTM-related pressure",https://www.business-standard.com/markets/news/capital-market-firms-post-robust-q4-growth-despite-mtm-related-drag-126052801318_1.html,2026-05-28 22:18:00
1,30 May 2026 | 5:14 PM IST,CBSE portal was hit by malicious attack; 50 children were affected: Report,"The CBSE revaluation portal's payment system was hit by a ""malicious attack"", with around 50 students getting affected, government sources have said.
""There were some unauthorised attacks on the portal. The payment gateway was with respect to HDFC about 50-odd children had got in after the hack,"" a source said.
According to the sources, the issue led to abnormal fee displays on the portal, where the payable amount in some cases fluctuated from around Re 1 to nearly Rs 67,000-68,000.
""I think out of fun or out of mala fide intention, one rupee was shown and then Rs 67-68,000. So, there were about 50 children in whose cases the amount had changed,"" the source said.
The glitch was linked to the HDFC payment gateway integrated with the system and occurred when the portal went live.
""I think the portal was not functional for quite some time. There were issues with respect to the amount where 50 children came in, and they (hackers) manipulated the system,"" the source said.
Four PSU ban",https://www.business-standard.com/india-news/cbse-portal-was-hit-by-malicious-attack-50-children-were-affected-126053000978_1.html,2026-05-30 17:14:00
1,01 Jun 2026 | 2:02 PM IST,HDFC AMC gets HC relief in cyber theft case; injunction against hackers,"The Bombay High Court has granted temporary injunction against a ransomware group identifying itself as ""Morpheus"" from distributing or disclosing confidential data exfiltrated by it from the HFDC Asset Management Company.
A vacation bench of Justice Shreeram Shirsat, in the order passed on May 29, said prima facie an arguable case was made out to grant interim relief.
""If the confidential data is misused or leaked or traded or compromised, it will lead to dreadful consequences and it can cause irreparable and irreversible damage to the plaintiff company,"" the court said.
Apart from the injunction against the ransomware group from using, distributing or disclosing the confidential data, the court also directed the Union government to take all steps necessary to remove, delete, block and disable accounts in relation to the stolen confidential data.
The order was passed on an application and suit filed by HDFC Asset Management Company Limited seeking an injunction against the hackers",https://www.business-standard.com/companies/news/hdfc-amc-gets-hc-relief-in-cyber-theft-case-injunction-against-hackers-126060101194_1.html,2026-06-01 14:02:00
1,17 Jun 2026 | 11:30 AM IST,HDFC Bank prices $750 mn bond in largest lender offshore deal since 2023,The deal is the largest by an Indian lender since the State Bank of India's $750 million five-year bond sale in May 2023 and comes as SBI and Bank of Baroda line up similar overseas debt sales,https://www.business-standard.com/industry/banking/hdfc-bank-prices-750-mn-bond-in-largest-lender-offshore-deal-since-2023-126061700345_1.html,2026-06-17 11:30:00
1,17 Jun 2026 | 11:53 PM IST,HDFC Bank raises $750 mn via 5-year bond issue from GIFT City unit,"India's largest private-sector lender tapped offshore markets through its GIFT City IFSC unit, issuing senior unsecured bonds carrying a 5.067 per cent coupon",https://www.business-standard.com/industry/banking/hdfc-bank-raises-750-million-through-five-year-bond-issue-126061700636_1.html,2026-06-17 23:53:00
1,25 Jun 2026 | 10:50 PM IST,"Demand for life insurance to remain strong in FY27, says Keki Mistry","Chairman Keki Mistry says favourable demographics, rising financial awareness and regulatory reforms will support long-term growth in India's life insurance sector",https://www.business-standard.com/industry/news/hdfc-life-sees-strong-demand-for-insurance-solutions-in-fy27-126062500617_1.html,2026-06-25 22:50:00
1,26 Jun 2026 | 4:42 PM IST,Top 10 Indian firms' value jumps 3.5x in a decade; financials dominate,"Reliance Industries has emerged as India's most valuable company over the past five years, while financial services firms continue to dominate the country's corporate rankings",https://www.business-standard.com/companies/news/top-10-indian-firms-value-jumps-3-5x-in-a-decade-financials-dominate-126062600734_1.html,2026-06-26 16:42:00
1,07 Jul 2026 | 8:39 PM IST,Q1 earnings preview: Will India's banks deliver another strong quarter?,"India's banking sector is set to kick off the Q1FY27 earnings season, and early estimates point to another healthy quarter. Strong loan growth, stable asset quality, and treasury gains",https://www.business-standard.com/video-gallery/general/q1-earnings-preview-will-india-s-banks-deliver-another-strong-quarter-179054.htm,2026-07-07 20:39:00
1,11 Jul 2026 | 5:47 PM IST,"HDFC Bank chairman, CEO reaffirm commitment to governance in annual report","In its FY26 annual report, HDFC Bank's leadership defended the lender's governance standards after former chairman Atanu Chakraborty's resignation triggered questions over board oversight",https://www.business-standard.com/companies/news/hdfc-bank-chairman-ceo-reaffirm-commitment-to-governance-in-annual-report-126071100681_1.html,2026-07-11 17:47:00
1,16 Jul 2026 | 11:25 AM IST,HDFC Mutual Fund buys 1.43% stake in Jupiter Life Hospitals for ₹139 crore,"HDFC Mutual Fund has bought 9.37 lakh shares of multi-speciality hospital chain operator Jupiter Life Line Hospitals for Rs 139 crore through open market transactions, according to block deal on the BSE.
Following the transaction, shares of Jupiter Life Line Hospitals on Thursday rose 2.53 per cent to trade at Rs 1,537.60 apiece on the exchange.
HDFC Mutual Fund purchased 9.37 lakh equity shares in two tranches, representing a 1.43 per cent stake in Mumbai-based Jupiter Life Line Hospitals Ltd (JLHL), as per the data.
The transaction was executed on Wednesday at an average price of Rs 1,483.50 apiece, taking the combined deal value to Rs 139 crore.
Meanwhile, two public shareholders of JLHL -- Arvind Rao Kamini and Mitul Nitin Thakker -- sold an equal number of shares at the same price, according to BSE data.
In a separate bulk deal on the BSE, Nippon India Mutual Fund (MF) bought 5 lakh shares of logistics company TCI Express from HDFC MF for over Rs 28 crore through open market",https://www.business-standard.com/companies/news/hdfc-mutual-fund-buys-1-43-stake-in-jupiter-life-hospitals-for-139-crore-126071600333_1.html,2026-07-16 11:25:00
1,18 Jul 2026 | 4:01 PM IST,"HDFC Bank Q1FY27 results: Net profit rises 5% to ₹19,060 cr; NII grows 7%","Net interest income increased 6.7 per cent YoY to ₹33,535 crore in Q1FY27 from ₹31,438 crore a year earlier",https://www.business-standard.com/companies/quarterly-results/hdfc-bank-q1fy27-results-net-profit-rises-5-to-19-060-cr-nii-grows-7-126071800598_1.html,2026-07-18 16:01:00
1,24 Jul 2026 | 7:43 AM IST,Large Indian banks revive dollar bond plans after period of lull,"Indian banks are preparing dollar bond issuances before the RBI's concessional swap window closes in December, seeking cheaper overseas funding options",https://www.business-standard.com/industry/banking/large-indian-banks-revive-dollar-bond-plans-after-period-of-lull-126072301190_1.html,2026-07-24 07:43:00
1,26 Jul 2026 | 12:36 PM IST,"Mcap of 9 top valued firms erodes by ₹2.74 trn, HDFC Bank takes biggest hit","The combined market valuation of nine of the top-10 most valued firms eroded by Rs 2.74 lakh crore last week, in tandem with a bearish trend in equities, with HDFC Bank taking the biggest hit.
Last week, the BSE benchmark Sensex tanked 2,091.68 points, or 2.67 per cent, and the NSE Nifty declined 566.85 points, or 2.32 per cent.
""Markets witnessed a weak and volatile week, with benchmark indices extending their losing streak as a sharp surge in crude oil prices and renewed geopolitical tensions weighed heavily on investor sentiment,"" Ajit Mishra  SVP, Research, Religare Broking Ltd, said.
Banking stocks emerged as the biggest drag following mixed Q1 FY27 earnings, while a risk-off environment and weakness in the rupee further curtailed buying interest, he added.
From the top-10 pack, Hindustan Unilever emerged as the only winner.
Those who faced erosion from their valuation were Reliance Industries, Bharti Airtel, HDFC Bank, ICICI Bank, State Bank of India, Tata Consultancy Servic",https://www.business-standard.com/markets/news/mcap-of-9-top-valued-firms-erodes-by-2-74-trn-hdfc-bank-takes-biggest-hit-126072600222_1.html,2026-07-26 12:36:00
1,27 Jul 2026 | 11:38 PM IST,"HDFC Bank's board penalises Sashidhar Jagdishan, cites biz overreach","CFO, group retail assets head also fined ₹1 lakh, warned over MSRDC deposits",https://www.business-standard.com/companies/news/deposit-pricing-matter-was-business-overreach-not-misconduct-hdfc-bank-126072700774_1.html,2026-07-27 23:38:00
1,20 Aug 2026 | 10:22 AM IST,"HDFC Bank taps dollar bond market again, eyes $1 bn overseas debt raise",India's largest private lender plans to raise at least $500 million each through three-year and five-year bonds as banks rush to complete overseas fundraising,https://www.business-standard.com/industry/banking/hdfc-bank-taps-dollar-bond-market-again-eyes-1-bn-overseas-debt-raise-126082000216_1.html,2026-08-20 10:22:00
1,21 Aug 2026 | 12:51 PM IST,HDFC Bank raises $1.75 bn through overseas bond issue to fund business,"HDFC Bank has raised USD 1.75 billion through overseas bonds to fund its business growth.
HDFC Bank , acting through GIFT City Branch, has completed the issue of USD 1.75 billion in senior unsecured bonds, the bank said in a regulatory filing.
The private sector lender has raised USD 500 million with notes carrying a coupon rate of 5.159 per cent and maturing in three years, while the remaining USD 1.25 billion five-year paper carries a coupon rate of 5.4 per cent, it said.
These papers will be listed on India INX (India International Exchange (IFSC) Limited) and NSE International Exchange (NSE-IX) , it added.",https://www.business-standard.com/finance/news/hdfc-bank-raises-1-75-bn-through-overseas-bond-issue-to-fund-business-126082100360_1.html,2026-08-21 12:51:00
1,21 Aug 2026 | 11:11 PM IST,"HDFC, PNB lead banks lining up for the next wave of dollar bonds",HDFC Bank's latest $1.75 billion fundraise through the twin dollar bond issuance takes the bank's total fundraising through dollar bonds over the past two months to $2.5 billion,https://www.business-standard.com/finance/news/hdfc-pnb-lead-banks-lining-up-for-the-next-wave-of-dollar-bonds-126082101549_1.html,2026-08-21 23:11:00
32,,Best of BS Opinion: Sustainable strategy needed for sugar and ethanol,,https://www.business-standard.com/opinion/specials/best-of-bs-opinion-sustainable-strategy-needed-for-sugar-and-ethanol-126082601271_1.html,
32,,Anxious investors hope for clarity on Warsh's Fed plan at Jackson Hole,,https://www.business-standard.com/world-news/anxious-investors-hope-for-clarity-on-warsh-s-fed-plan-at-jackson-hole-126082601406_1.html,
32,,"EC renews outreach plans for Gen Alpha, Gen Z ahead of 2029 polls",,https://www.business-standard.com/elections/lok-sabha-election/ec-renews-outreach-plans-for-gen-alpha-gen-z-ahead-of-2029-polls-126082600595_1.html,
32,,"ITA seeks West Bengal tea policy push for Darjeeling, Dooars-Terai",,https://www.business-standard.com/industry/agriculture/ita-seeks-west-bengal-tea-policy-push-for-darjeeling-dooars-terai-126082601195_1.html,
32,,"Iran's supreme leader is seriously wounded, not dead: Donald Trump",,https://www.business-standard.com/world-news/iran-s-supreme-leader-is-seriously-wounded-not-dead-donald-trump-126082601135_1.html,
32,,"Indians invest record funds in overseas stocks, debt in June",,https://www.business-standard.com/economy/news/indians-invest-record-funds-in-overseas-stocks-debt-in-june-126082601177_1.html,
